sensitivity_scheme,regime_id,allowed_support_states,first_slice_criterion_rows_counted_as_available,first_slice_criterion_row_fraction,complete_two_criterion_candidates,scenarios_with_at_least_one_complete_candidate,scenarios_with_at_least_two_complete_candidates,decision_use_authorised,counterfactual,probability_interpretation
FROZEN,D0_CANONICAL_READY_ONLY,READY_ROBUSTNESS_FAMILY,4,0.09523809523809523,0,0,0,True,False,False
FROZEN,D1_READY_PLUS_CONTEXT,CONTEXT_ONLY+READY_ROBUSTNESS_FAMILY,10,0.23809523809523808,0,0,0,False,False,False
FROZEN,D2_CONTEXT_PLUS_STRUCTURAL_TRANSFER_COUNTERFACTUAL,CONTEXT_ONLY+READY_ROBUSTNESS_FAMILY+STRUCTURAL_TRANSFER_ONLY,20,0.47619047619047616,10,3,3,False,True,False
FROZEN,D3_EXPLICIT_ASSUMPTION_PRIOR_COUNTERFACTUAL,CONTEXT_ONLY+INCOMPATIBLE+MISSING_OR_UNIDENTIFIED+PROFILE_UNRESOLVED+READY_ROBUSTNESS_FAMILY+STRUCTURAL_TRANSFER_ONLY,42,1.0,21,5,5,False,True,False
MAJORITY_SUBSTITUTION,D0_CANONICAL_READY_ONLY,READY_ROBUSTNESS_FAMILY,4,0.09523809523809523,0,0,0,True,False,False
MAJORITY_SUBSTITUTION,D1_READY_PLUS_CONTEXT,CONTEXT_ONLY+READY_ROBUSTNESS_FAMILY,10,0.23809523809523808,0,0,0,False,False,False
MAJORITY_SUBSTITUTION,D2_CONTEXT_PLUS_STRUCTURAL_TRANSFER_COUNTERFACTUAL,CONTEXT_ONLY+READY_ROBUSTNESS_FAMILY+STRUCTURAL_TRANSFER_ONLY,20,0.47619047619047616,10,3,3,False,True,False
MAJORITY_SUBSTITUTION,D3_EXPLICIT_ASSUMPTION_PRIOR_COUNTERFACTUAL,CONTEXT_ONLY+INCOMPATIBLE+MISSING_OR_UNIDENTIFIED+PROFILE_UNRESOLVED+READY_ROBUSTNESS_FAMILY+STRUCTURAL_TRANSFER_ONLY,42,1.0,21,5,5,False,True,False
CONSERVATIVE_MAJORITY,D0_CANONICAL_READY_ONLY,READY_ROBUSTNESS_FAMILY,4,0.09523809523809523,0,0,0,True,False,False
CONSERVATIVE_MAJORITY,D1_READY_PLUS_CONTEXT,CONTEXT_ONLY+READY_ROBUSTNESS_FAMILY,10,0.23809523809523808,0,0,0,False,False,False
CONSERVATIVE_MAJORITY,D2_CONTEXT_PLUS_STRUCTURAL_TRANSFER_COUNTERFACTUAL,CONTEXT_ONLY+READY_ROBUSTNESS_FAMILY+STRUCTURAL_TRANSFER_ONLY,20,0.47619047619047616,10,3,3,False,True,False
CONSERVATIVE_MAJORITY,D3_EXPLICIT_ASSUMPTION_PRIOR_COUNTERFACTUAL,CONTEXT_ONLY+INCOMPATIBLE+MISSING_OR_UNIDENTIFIED+PROFILE_UNRESOLVED+READY_ROBUSTNESS_FAMILY+STRUCTURAL_TRANSFER_ONLY,42,1.0,21,5,5,False,True,False
