target_metric_id,target_family,target_unit,dataset_id,relation_class,supporting_metric_ids,prohibited_proxy_metric_ids,required_bridge_or_missing_evidence,interpretation,frozen_relation_class,sensitivity_scheme
delivery_probability,delivery_reliability,probability,insectt_wsn_power_2023,E0_MISSING,,,Attempted-transmission outcomes under a declared endpoint and retry policy are required.,Power traces do not identify delivery probability.,E0_MISSING,FROZEN
delivery_probability,delivery_reliability,probability,loed_lorawan_edge_2020,C2_CONDITIONAL,gateway_rssi_dbm|gateway_snr_db,gateway_crc_valid_fraction_of_receptions|logical_frame_multi_gateway_fraction,An external attempted-transmission denominator and outcome-linked technology-specific model are required. CRC-valid reception fraction and gateway diversity remain prohibited PDR proxies.,LoED can condition a link model but cannot identify absolute delivery probability from the corpus alone.,C2_CONDITIONAL,FROZEN
delivery_probability,delivery_reliability,probability,lorawan_lrfhss_energy_2024,E0_MISSING,,,Replicated attempted-transmission outcomes are required; ACK/noACK energy traces are not delivery trials.,Energy captures do not identify delivery probability.,E0_MISSING,FROZEN
delivery_probability,delivery_reliability,probability,vomhoff_nbiot_ltem_energy_2023,E0_MISSING,,,Attempted-transmission outcomes under a declared endpoint and retry policy are required.,Energy/phase dataset does not identify delivery probability.,E0_MISSING,FROZEN
end_to_end_application_latency_ms,latency,ms,insectt_wsn_power_2023,E0_MISSING,,,End-to-end timing measurements or a validated protocol-stack timing model are required.,No end-to-end latency evidence in the validated traces.,E0_MISSING,FROZEN
end_to_end_application_latency_ms,latency,ms,loed_lorawan_edge_2020,E0_MISSING,,,Attempt-to-delivery timestamps with declared endpoints are required; reception timestamps alone are insufficient.,Gateway reception timing does not define application latency.,E0_MISSING,FROZEN
end_to_end_application_latency_ms,latency,ms,lorawan_lrfhss_energy_2024,E0_MISSING,,,End-to-end timing measurements or a validated protocol-stack timing model are required.,Capture duration is not application latency.,E0_MISSING,FROZEN
end_to_end_application_latency_ms,latency,ms,vomhoff_nbiot_ltem_energy_2023,C1_BRIDGEABLE,device_phase_duration_s,,Compose source phase durations into a declared application-to-application endpoint including protocol/security/session/retry components and unit conversion.,"Useful cellular component timing evidence, not end-to-end application latency as recorded.",C1_BRIDGEABLE,FROZEN
expected_device_energy_per_application_report_j,energy,J,insectt_wsn_power_2023,C1_BRIDGEABLE,derived_capture_energy_j|trace_charge_c,,Convert the approximately 60 s repeated-workload capture into a declared reporting-cycle model while propagating the shared voltage parameter and preserving n=1 per configuration.,"Strong configuration-level load evidence, not a replicated per-report population estimate.",C1_BRIDGEABLE,FROZEN
expected_device_energy_per_application_report_j,energy,J,loed_lorawan_edge_2020,E0_MISSING,,,LoED has no device-energy measurements.,Reception-side field evidence only.,E0_MISSING,FROZEN
expected_device_energy_per_application_report_j,energy,J,lorawan_lrfhss_energy_2024,C1_BRIDGEABLE,radio_incremental_transaction_energy_j|radio_full_capture_energy_j,,Bridge radio-rail energy to whole-device energy and add the declared upper-layer/session/reporting-cycle components.,Radio-only transaction/capture evidence with one trace per configuration.,C1_BRIDGEABLE,FROZEN
expected_device_energy_per_application_report_j,energy,J,vomhoff_nbiot_ltem_energy_2023,C1_BRIDGEABLE,device_phase_energy_j,,"Scenario-specific phase composition, reporting/session/retry policy and any missing device states must be composed into one whole-device application-report accounting boundary.","Strong whole-device cellular component evidence, but not yet the common per-report decision estimand.",C1_BRIDGEABLE,FROZEN
feasible_link_probability,coverage,probability,insectt_wsn_power_2023,E0_MISSING,,,Technology-specific coverage/link evidence under scenario geometry and deployment assumptions is required.,Bench power traces do not identify deployment coverage.,E0_MISSING,FROZEN
feasible_link_probability,coverage,probability,loed_lorawan_edge_2020,C1_BRIDGEABLE,gateway_rssi_dbm|gateway_snr_db,gateway_crc_valid_fraction_of_receptions|logical_frame_multi_gateway_fraction,Calibrated LoRaWAN-specific link model plus scenario geometry/deployment assumptions; raw RSSI/SNR are not cross-RAT utility scores.,"Strong real-world LoRaWAN reception-side link evidence, deployment-specific and hierarchical.",C1_BRIDGEABLE,FROZEN
feasible_link_probability,coverage,probability,lorawan_lrfhss_energy_2024,E0_MISSING,,,Link-budget/field evidence for LR-FHSS under declared geometry and environment is required.,Radio energy traces do not identify link feasibility probability.,E0_MISSING,FROZEN
feasible_link_probability,coverage,probability,vomhoff_nbiot_ltem_energy_2023,E0_MISSING,,,Technology-specific coverage/link evidence under scenario geometry and deployment assumptions is required.,Energy phases do not identify coverage probability.,E0_MISSING,FROZEN
lifecycle_cost_eur,cost,EUR,insectt_wsn_power_2023,E0_MISSING,,,"Hardware, infrastructure, maintenance, replacement and horizon evidence is required.",No lifecycle-cost evidence.,E0_MISSING,FROZEN
lifecycle_cost_eur,cost,EUR,loed_lorawan_edge_2020,E0_MISSING,,,"Gateway/network deployment ownership, hardware, maintenance and horizon evidence is required.",Field receptions do not define lifecycle cost.,E0_MISSING,FROZEN
lifecycle_cost_eur,cost,EUR,lorawan_lrfhss_energy_2024,E0_MISSING,,,"Hardware, gateway/network ownership, maintenance and horizon evidence is required.",No lifecycle-cost evidence.,E0_MISSING,FROZEN
lifecycle_cost_eur,cost,EUR,vomhoff_nbiot_ltem_energy_2023,E0_MISSING,,,"Hardware, subscription, infrastructure, maintenance, replacement and horizon evidence is required.",No lifecycle-cost evidence.,E0_MISSING,FROZEN
delivery_probability,delivery_reliability,probability,insectt_wsn_power_2023,E0_MISSING,,,Attempted-transmission outcomes under a declared endpoint and retry policy are required.,Power traces do not identify delivery probability.,E0_MISSING,MAJORITY_SUBSTITUTION
delivery_probability,delivery_reliability,probability,loed_lorawan_edge_2020,E0_MISSING,gateway_rssi_dbm|gateway_snr_db,gateway_crc_valid_fraction_of_receptions|logical_frame_multi_gateway_fraction,An external attempted-transmission denominator and outcome-linked technology-specific model are required. CRC-valid reception fraction and gateway diversity remain prohibited PDR proxies.,LoED can condition a link model but cannot identify absolute delivery probability from the corpus alone.,C2_CONDITIONAL,MAJORITY_SUBSTITUTION
delivery_probability,delivery_reliability,probability,lorawan_lrfhss_energy_2024,E0_MISSING,,,Replicated attempted-transmission outcomes are required; ACK/noACK energy traces are not delivery trials.,Energy captures do not identify delivery probability.,E0_MISSING,MAJORITY_SUBSTITUTION
delivery_probability,delivery_reliability,probability,vomhoff_nbiot_ltem_energy_2023,E0_MISSING,,,Attempted-transmission outcomes under a declared endpoint and retry policy are required.,Energy/phase dataset does not identify delivery probability.,E0_MISSING,MAJORITY_SUBSTITUTION
end_to_end_application_latency_ms,latency,ms,insectt_wsn_power_2023,E0_MISSING,,,End-to-end timing measurements or a validated protocol-stack timing model are required.,No end-to-end latency evidence in the validated traces.,E0_MISSING,MAJORITY_SUBSTITUTION
end_to_end_application_latency_ms,latency,ms,loed_lorawan_edge_2020,E0_MISSING,,,Attempt-to-delivery timestamps with declared endpoints are required; reception timestamps alone are insufficient.,Gateway reception timing does not define application latency.,E0_MISSING,MAJORITY_SUBSTITUTION
end_to_end_application_latency_ms,latency,ms,lorawan_lrfhss_energy_2024,E0_MISSING,,,End-to-end timing measurements or a validated protocol-stack timing model are required.,Capture duration is not application latency.,E0_MISSING,MAJORITY_SUBSTITUTION
end_to_end_application_latency_ms,latency,ms,vomhoff_nbiot_ltem_energy_2023,C1_BRIDGEABLE,device_phase_duration_s,,Compose source phase durations into a declared application-to-application endpoint including protocol/security/session/retry components and unit conversion.,"Useful cellular component timing evidence, not end-to-end application latency as recorded.",C1_BRIDGEABLE,MAJORITY_SUBSTITUTION
expected_device_energy_per_application_report_j,energy,J,insectt_wsn_power_2023,C1_BRIDGEABLE,derived_capture_energy_j|trace_charge_c,,Convert the approximately 60 s repeated-workload capture into a declared reporting-cycle model while propagating the shared voltage parameter and preserving n=1 per configuration.,"Strong configuration-level load evidence, not a replicated per-report population estimate.",C1_BRIDGEABLE,MAJORITY_SUBSTITUTION
expected_device_energy_per_application_report_j,energy,J,loed_lorawan_edge_2020,E0_MISSING,,,LoED has no device-energy measurements.,Reception-side field evidence only.,E0_MISSING,MAJORITY_SUBSTITUTION
expected_device_energy_per_application_report_j,energy,J,lorawan_lrfhss_energy_2024,C1_BRIDGEABLE,radio_incremental_transaction_energy_j|radio_full_capture_energy_j,,Bridge radio-rail energy to whole-device energy and add the declared upper-layer/session/reporting-cycle components.,Radio-only transaction/capture evidence with one trace per configuration.,C1_BRIDGEABLE,MAJORITY_SUBSTITUTION
expected_device_energy_per_application_report_j,energy,J,vomhoff_nbiot_ltem_energy_2023,C0_DIRECT,device_phase_energy_j,,"Scenario-specific phase composition, reporting/session/retry policy and any missing device states must be composed into one whole-device application-report accounting boundary.","Strong whole-device cellular component evidence, but not yet the common per-report decision estimand.",C1_BRIDGEABLE,MAJORITY_SUBSTITUTION
feasible_link_probability,coverage,probability,insectt_wsn_power_2023,E0_MISSING,,,Technology-specific coverage/link evidence under scenario geometry and deployment assumptions is required.,Bench power traces do not identify deployment coverage.,E0_MISSING,MAJORITY_SUBSTITUTION
feasible_link_probability,coverage,probability,loed_lorawan_edge_2020,C2_CONDITIONAL,gateway_rssi_dbm|gateway_snr_db,gateway_crc_valid_fraction_of_receptions|logical_frame_multi_gateway_fraction,Calibrated LoRaWAN-specific link model plus scenario geometry/deployment assumptions; raw RSSI/SNR are not cross-RAT utility scores.,"Strong real-world LoRaWAN reception-side link evidence, deployment-specific and hierarchical.",C1_BRIDGEABLE,MAJORITY_SUBSTITUTION
feasible_link_probability,coverage,probability,lorawan_lrfhss_energy_2024,E0_MISSING,,,Link-budget/field evidence for LR-FHSS under declared geometry and environment is required.,Radio energy traces do not identify link feasibility probability.,E0_MISSING,MAJORITY_SUBSTITUTION
feasible_link_probability,coverage,probability,vomhoff_nbiot_ltem_energy_2023,E0_MISSING,,,Technology-specific coverage/link evidence under scenario geometry and deployment assumptions is required.,Energy phases do not identify coverage probability.,E0_MISSING,MAJORITY_SUBSTITUTION
lifecycle_cost_eur,cost,EUR,insectt_wsn_power_2023,E0_MISSING,,,"Hardware, infrastructure, maintenance, replacement and horizon evidence is required.",No lifecycle-cost evidence.,E0_MISSING,MAJORITY_SUBSTITUTION
lifecycle_cost_eur,cost,EUR,loed_lorawan_edge_2020,E0_MISSING,,,"Gateway/network deployment ownership, hardware, maintenance and horizon evidence is required.",Field receptions do not define lifecycle cost.,E0_MISSING,MAJORITY_SUBSTITUTION
lifecycle_cost_eur,cost,EUR,lorawan_lrfhss_energy_2024,E0_MISSING,,,"Hardware, gateway/network ownership, maintenance and horizon evidence is required.",No lifecycle-cost evidence.,E0_MISSING,MAJORITY_SUBSTITUTION
lifecycle_cost_eur,cost,EUR,vomhoff_nbiot_ltem_energy_2023,E0_MISSING,,,"Hardware, subscription, infrastructure, maintenance, replacement and horizon evidence is required.",No lifecycle-cost evidence.,E0_MISSING,MAJORITY_SUBSTITUTION
delivery_probability,delivery_reliability,probability,insectt_wsn_power_2023,E0_MISSING,,,Attempted-transmission outcomes under a declared endpoint and retry policy are required.,Power traces do not identify delivery probability.,E0_MISSING,CONSERVATIVE_MAJORITY
delivery_probability,delivery_reliability,probability,loed_lorawan_edge_2020,E0_MISSING,gateway_rssi_dbm|gateway_snr_db,gateway_crc_valid_fraction_of_receptions|logical_frame_multi_gateway_fraction,An external attempted-transmission denominator and outcome-linked technology-specific model are required. CRC-valid reception fraction and gateway diversity remain prohibited PDR proxies.,LoED can condition a link model but cannot identify absolute delivery probability from the corpus alone.,C2_CONDITIONAL,CONSERVATIVE_MAJORITY
delivery_probability,delivery_reliability,probability,lorawan_lrfhss_energy_2024,E0_MISSING,,,Replicated attempted-transmission outcomes are required; ACK/noACK energy traces are not delivery trials.,Energy captures do not identify delivery probability.,E0_MISSING,CONSERVATIVE_MAJORITY
delivery_probability,delivery_reliability,probability,vomhoff_nbiot_ltem_energy_2023,E0_MISSING,,,Attempted-transmission outcomes under a declared endpoint and retry policy are required.,Energy/phase dataset does not identify delivery probability.,E0_MISSING,CONSERVATIVE_MAJORITY
end_to_end_application_latency_ms,latency,ms,insectt_wsn_power_2023,E0_MISSING,,,End-to-end timing measurements or a validated protocol-stack timing model are required.,No end-to-end latency evidence in the validated traces.,E0_MISSING,CONSERVATIVE_MAJORITY
end_to_end_application_latency_ms,latency,ms,loed_lorawan_edge_2020,E0_MISSING,,,Attempt-to-delivery timestamps with declared endpoints are required; reception timestamps alone are insufficient.,Gateway reception timing does not define application latency.,E0_MISSING,CONSERVATIVE_MAJORITY
end_to_end_application_latency_ms,latency,ms,lorawan_lrfhss_energy_2024,E0_MISSING,,,End-to-end timing measurements or a validated protocol-stack timing model are required.,Capture duration is not application latency.,E0_MISSING,CONSERVATIVE_MAJORITY
end_to_end_application_latency_ms,latency,ms,vomhoff_nbiot_ltem_energy_2023,C1_BRIDGEABLE,device_phase_duration_s,,Compose source phase durations into a declared application-to-application endpoint including protocol/security/session/retry components and unit conversion.,"Useful cellular component timing evidence, not end-to-end application latency as recorded.",C1_BRIDGEABLE,CONSERVATIVE_MAJORITY
expected_device_energy_per_application_report_j,energy,J,insectt_wsn_power_2023,C1_BRIDGEABLE,derived_capture_energy_j|trace_charge_c,,Convert the approximately 60 s repeated-workload capture into a declared reporting-cycle model while propagating the shared voltage parameter and preserving n=1 per configuration.,"Strong configuration-level load evidence, not a replicated per-report population estimate.",C1_BRIDGEABLE,CONSERVATIVE_MAJORITY
expected_device_energy_per_application_report_j,energy,J,loed_lorawan_edge_2020,E0_MISSING,,,LoED has no device-energy measurements.,Reception-side field evidence only.,E0_MISSING,CONSERVATIVE_MAJORITY
expected_device_energy_per_application_report_j,energy,J,lorawan_lrfhss_energy_2024,C1_BRIDGEABLE,radio_incremental_transaction_energy_j|radio_full_capture_energy_j,,Bridge radio-rail energy to whole-device energy and add the declared upper-layer/session/reporting-cycle components.,Radio-only transaction/capture evidence with one trace per configuration.,C1_BRIDGEABLE,CONSERVATIVE_MAJORITY
expected_device_energy_per_application_report_j,energy,J,vomhoff_nbiot_ltem_energy_2023,C1_BRIDGEABLE,device_phase_energy_j,,"Scenario-specific phase composition, reporting/session/retry policy and any missing device states must be composed into one whole-device application-report accounting boundary.","Strong whole-device cellular component evidence, but not yet the common per-report decision estimand.",C1_BRIDGEABLE,CONSERVATIVE_MAJORITY
feasible_link_probability,coverage,probability,insectt_wsn_power_2023,E0_MISSING,,,Technology-specific coverage/link evidence under scenario geometry and deployment assumptions is required.,Bench power traces do not identify deployment coverage.,E0_MISSING,CONSERVATIVE_MAJORITY
feasible_link_probability,coverage,probability,loed_lorawan_edge_2020,C2_CONDITIONAL,gateway_rssi_dbm|gateway_snr_db,gateway_crc_valid_fraction_of_receptions|logical_frame_multi_gateway_fraction,Calibrated LoRaWAN-specific link model plus scenario geometry/deployment assumptions; raw RSSI/SNR are not cross-RAT utility scores.,"Strong real-world LoRaWAN reception-side link evidence, deployment-specific and hierarchical.",C1_BRIDGEABLE,CONSERVATIVE_MAJORITY
feasible_link_probability,coverage,probability,lorawan_lrfhss_energy_2024,E0_MISSING,,,Link-budget/field evidence for LR-FHSS under declared geometry and environment is required.,Radio energy traces do not identify link feasibility probability.,E0_MISSING,CONSERVATIVE_MAJORITY
feasible_link_probability,coverage,probability,vomhoff_nbiot_ltem_energy_2023,E0_MISSING,,,Technology-specific coverage/link evidence under scenario geometry and deployment assumptions is required.,Energy phases do not identify coverage probability.,E0_MISSING,CONSERVATIVE_MAJORITY
lifecycle_cost_eur,cost,EUR,insectt_wsn_power_2023,E0_MISSING,,,"Hardware, infrastructure, maintenance, replacement and horizon evidence is required.",No lifecycle-cost evidence.,E0_MISSING,CONSERVATIVE_MAJORITY
lifecycle_cost_eur,cost,EUR,loed_lorawan_edge_2020,E0_MISSING,,,"Gateway/network deployment ownership, hardware, maintenance and horizon evidence is required.",Field receptions do not define lifecycle cost.,E0_MISSING,CONSERVATIVE_MAJORITY
lifecycle_cost_eur,cost,EUR,lorawan_lrfhss_energy_2024,E0_MISSING,,,"Hardware, gateway/network ownership, maintenance and horizon evidence is required.",No lifecycle-cost evidence.,E0_MISSING,CONSERVATIVE_MAJORITY
lifecycle_cost_eur,cost,EUR,vomhoff_nbiot_ltem_energy_2023,E0_MISSING,,,"Hardware, subscription, infrastructure, maintenance, replacement and horizon evidence is required.",No lifecycle-cost evidence.,E0_MISSING,CONSERVATIVE_MAJORITY
