external_source_id,stack_id,target_metric_id,before_class,after_class,transition,readiness_effect,sensitivity_scheme,heldout_generic_frozen_class,heldout_generic_sensitivity_class,sensitivity_after_class,candidate_transition_changed,sensitivity_rationale
EV_E1_KOUSIAS_NBIOT_4G_5G_2023,nbiot_ip_coap_dtls_lwm2m,feasible_link_probability,E0_MISSING,C1_BRIDGEABLE,E0_MISSING->C1_BRIDGEABLE,new_bridgeable_link_evidence_not_direct_probability,FROZEN,C1_BRIDGEABLE,C1_BRIDGEABLE,C1_BRIDGEABLE,False,generic_source_target_class_unchanged
EV_E3_LEENDERS_NBIOT_POWER_2019,nbiot_ip_coap_dtls_lwm2m,expected_device_energy_per_application_report_j,C1_BRIDGEABLE,C1_BRIDGEABLE,C1_BRIDGEABLE->C1_BRIDGEABLE,independent_measured_component_support_added_boundary_still_requires_bridge,FROZEN,C1_BRIDGEABLE,C1_BRIDGEABLE,C1_BRIDGEABLE,False,generic_source_target_class_unchanged
EV_E1_KOUSIAS_NBIOT_4G_5G_2023,nbiot_ip_mqtt_tls_lwm2m,feasible_link_probability,E0_MISSING,C1_BRIDGEABLE,E0_MISSING->C1_BRIDGEABLE,new_bridgeable_link_evidence_not_direct_probability,FROZEN,C1_BRIDGEABLE,C1_BRIDGEABLE,C1_BRIDGEABLE,False,generic_source_target_class_unchanged
EV_E3_LEENDERS_NBIOT_POWER_2019,nbiot_ip_mqtt_tls_lwm2m,expected_device_energy_per_application_report_j,C1_BRIDGEABLE,C1_BRIDGEABLE,C1_BRIDGEABLE->C1_BRIDGEABLE,independent_measured_component_support_added_boundary_still_requires_bridge,FROZEN,C1_BRIDGEABLE,C1_BRIDGEABLE,C1_BRIDGEABLE,False,generic_source_target_class_unchanged
EV_E1_KOUSIAS_NBIOT_4G_5G_2023,nbiot_nonip_lwm2m,feasible_link_probability,E0_MISSING,C1_BRIDGEABLE,E0_MISSING->C1_BRIDGEABLE,new_bridgeable_link_evidence_not_direct_probability,FROZEN,C1_BRIDGEABLE,C1_BRIDGEABLE,C1_BRIDGEABLE,False,generic_source_target_class_unchanged
EV_E3_LEENDERS_NBIOT_POWER_2019,nbiot_nonip_lwm2m,expected_device_energy_per_application_report_j,E0_MISSING,C2_CONDITIONAL,E0_MISSING->C2_CONDITIONAL,new_nbiot_energy_context_but_nonip_application_boundary_not_identified,FROZEN,C1_BRIDGEABLE,C1_BRIDGEABLE,C2_CONDITIONAL,False,generic_source_target_class_unchanged
EV_E2_POVALAC_LORAWAN_TRAFFIC_2023,lorawan_lora_lwm2m_nonip,delivery_probability,C2_CONDITIONAL,C2_CONDITIONAL,C2_CONDITIONAL->C2_CONDITIONAL,independent_sniffer_context_added_denominator_gap_remains,FROZEN,C2_CONDITIONAL,C2_CONDITIONAL,C2_CONDITIONAL,False,generic_source_target_class_unchanged
EV_E2_POVALAC_LORAWAN_TRAFFIC_2023,lorawan_lora_lwm2m_nonip,feasible_link_probability,C1_BRIDGEABLE,C1_BRIDGEABLE,C1_BRIDGEABLE->C1_BRIDGEABLE,independent_receive_side_link_context_added,FROZEN,C1_BRIDGEABLE,C1_BRIDGEABLE,C1_BRIDGEABLE,False,generic_source_target_class_unchanged
EV_E1_KOUSIAS_NBIOT_4G_5G_2023,nbiot_ip_coap_dtls_lwm2m,feasible_link_probability,E0_MISSING,C1_BRIDGEABLE,E0_MISSING->C1_BRIDGEABLE,new_bridgeable_link_evidence_not_direct_probability,MAJORITY_SUBSTITUTION,C1_BRIDGEABLE,C1_BRIDGEABLE,C1_BRIDGEABLE,False,generic_source_target_class_unchanged
EV_E3_LEENDERS_NBIOT_POWER_2019,nbiot_ip_coap_dtls_lwm2m,expected_device_energy_per_application_report_j,C1_BRIDGEABLE,C1_BRIDGEABLE,C1_BRIDGEABLE->C1_BRIDGEABLE,independent_measured_component_support_added_boundary_still_requires_bridge,MAJORITY_SUBSTITUTION,C1_BRIDGEABLE,C1_BRIDGEABLE,C1_BRIDGEABLE,False,generic_source_target_class_unchanged
EV_E1_KOUSIAS_NBIOT_4G_5G_2023,nbiot_ip_mqtt_tls_lwm2m,feasible_link_probability,E0_MISSING,C1_BRIDGEABLE,E0_MISSING->C1_BRIDGEABLE,new_bridgeable_link_evidence_not_direct_probability,MAJORITY_SUBSTITUTION,C1_BRIDGEABLE,C1_BRIDGEABLE,C1_BRIDGEABLE,False,generic_source_target_class_unchanged
EV_E3_LEENDERS_NBIOT_POWER_2019,nbiot_ip_mqtt_tls_lwm2m,expected_device_energy_per_application_report_j,C1_BRIDGEABLE,C1_BRIDGEABLE,C1_BRIDGEABLE->C1_BRIDGEABLE,independent_measured_component_support_added_boundary_still_requires_bridge,MAJORITY_SUBSTITUTION,C1_BRIDGEABLE,C1_BRIDGEABLE,C1_BRIDGEABLE,False,generic_source_target_class_unchanged
EV_E1_KOUSIAS_NBIOT_4G_5G_2023,nbiot_nonip_lwm2m,feasible_link_probability,E0_MISSING,C1_BRIDGEABLE,E0_MISSING->C1_BRIDGEABLE,new_bridgeable_link_evidence_not_direct_probability,MAJORITY_SUBSTITUTION,C1_BRIDGEABLE,C1_BRIDGEABLE,C1_BRIDGEABLE,False,generic_source_target_class_unchanged
EV_E3_LEENDERS_NBIOT_POWER_2019,nbiot_nonip_lwm2m,expected_device_energy_per_application_report_j,E0_MISSING,C2_CONDITIONAL,E0_MISSING->C2_CONDITIONAL,new_nbiot_energy_context_but_nonip_application_boundary_not_identified,MAJORITY_SUBSTITUTION,C1_BRIDGEABLE,C1_BRIDGEABLE,C2_CONDITIONAL,False,generic_source_target_class_unchanged
EV_E2_POVALAC_LORAWAN_TRAFFIC_2023,lorawan_lora_lwm2m_nonip,delivery_probability,C2_CONDITIONAL,C2_CONDITIONAL,C2_CONDITIONAL->C2_CONDITIONAL,independent_sniffer_context_added_denominator_gap_remains,MAJORITY_SUBSTITUTION,C2_CONDITIONAL,E0_MISSING,C2_CONDITIONAL,False,heldout_generic_relation_downgraded_preserve_stronger_preheldout_relation
EV_E2_POVALAC_LORAWAN_TRAFFIC_2023,lorawan_lora_lwm2m_nonip,feasible_link_probability,C1_BRIDGEABLE,C1_BRIDGEABLE,C1_BRIDGEABLE->C1_BRIDGEABLE,independent_receive_side_link_context_added,MAJORITY_SUBSTITUTION,C1_BRIDGEABLE,C2_CONDITIONAL,C1_BRIDGEABLE,False,heldout_generic_relation_downgraded_preserve_stronger_preheldout_relation
EV_E1_KOUSIAS_NBIOT_4G_5G_2023,nbiot_ip_coap_dtls_lwm2m,feasible_link_probability,E0_MISSING,C1_BRIDGEABLE,E0_MISSING->C1_BRIDGEABLE,new_bridgeable_link_evidence_not_direct_probability,CONSERVATIVE_MAJORITY,C1_BRIDGEABLE,C1_BRIDGEABLE,C1_BRIDGEABLE,False,generic_source_target_class_unchanged
EV_E3_LEENDERS_NBIOT_POWER_2019,nbiot_ip_coap_dtls_lwm2m,expected_device_energy_per_application_report_j,C1_BRIDGEABLE,C1_BRIDGEABLE,C1_BRIDGEABLE->C1_BRIDGEABLE,independent_measured_component_support_added_boundary_still_requires_bridge,CONSERVATIVE_MAJORITY,C1_BRIDGEABLE,C1_BRIDGEABLE,C1_BRIDGEABLE,False,generic_source_target_class_unchanged
EV_E1_KOUSIAS_NBIOT_4G_5G_2023,nbiot_ip_mqtt_tls_lwm2m,feasible_link_probability,E0_MISSING,C1_BRIDGEABLE,E0_MISSING->C1_BRIDGEABLE,new_bridgeable_link_evidence_not_direct_probability,CONSERVATIVE_MAJORITY,C1_BRIDGEABLE,C1_BRIDGEABLE,C1_BRIDGEABLE,False,generic_source_target_class_unchanged
EV_E3_LEENDERS_NBIOT_POWER_2019,nbiot_ip_mqtt_tls_lwm2m,expected_device_energy_per_application_report_j,C1_BRIDGEABLE,C1_BRIDGEABLE,C1_BRIDGEABLE->C1_BRIDGEABLE,independent_measured_component_support_added_boundary_still_requires_bridge,CONSERVATIVE_MAJORITY,C1_BRIDGEABLE,C1_BRIDGEABLE,C1_BRIDGEABLE,False,generic_source_target_class_unchanged
EV_E1_KOUSIAS_NBIOT_4G_5G_2023,nbiot_nonip_lwm2m,feasible_link_probability,E0_MISSING,C1_BRIDGEABLE,E0_MISSING->C1_BRIDGEABLE,new_bridgeable_link_evidence_not_direct_probability,CONSERVATIVE_MAJORITY,C1_BRIDGEABLE,C1_BRIDGEABLE,C1_BRIDGEABLE,False,generic_source_target_class_unchanged
EV_E3_LEENDERS_NBIOT_POWER_2019,nbiot_nonip_lwm2m,expected_device_energy_per_application_report_j,E0_MISSING,C2_CONDITIONAL,E0_MISSING->C2_CONDITIONAL,new_nbiot_energy_context_but_nonip_application_boundary_not_identified,CONSERVATIVE_MAJORITY,C1_BRIDGEABLE,C1_BRIDGEABLE,C2_CONDITIONAL,False,generic_source_target_class_unchanged
EV_E2_POVALAC_LORAWAN_TRAFFIC_2023,lorawan_lora_lwm2m_nonip,delivery_probability,C2_CONDITIONAL,C2_CONDITIONAL,C2_CONDITIONAL->C2_CONDITIONAL,independent_sniffer_context_added_denominator_gap_remains,CONSERVATIVE_MAJORITY,C2_CONDITIONAL,E0_MISSING,C2_CONDITIONAL,False,heldout_generic_relation_downgraded_preserve_stronger_preheldout_relation
EV_E2_POVALAC_LORAWAN_TRAFFIC_2023,lorawan_lora_lwm2m_nonip,feasible_link_probability,C1_BRIDGEABLE,C1_BRIDGEABLE,C1_BRIDGEABLE->C1_BRIDGEABLE,independent_receive_side_link_context_added,CONSERVATIVE_MAJORITY,C1_BRIDGEABLE,C2_CONDITIONAL,C1_BRIDGEABLE,False,heldout_generic_relation_downgraded_preserve_stronger_preheldout_relation
