sensitivity_scheme,regime_id,allowed_relation_classes,source_target_relation_rows_counted_as_available,distinct_decision_targets_with_any_counted_support,direct_rows_within_regime,bridgeable_rows_within_regime,conditional_rows_within_regime,missing_rows_misclassified_as_available,canonical_decision_use_authorised,counterfactual_or_contextual_regime,source_grade_only_naive
FROZEN,A0_DIRECT_ONLY,C0_DIRECT,0,0,0,0,0,0,False,False,False
FROZEN,A1_DIRECT_PLUS_BRIDGEABLE,C0_DIRECT+C1_BRIDGEABLE,5,3,0,5,0,0,False,True,False
FROZEN,A2_PLUS_CONDITIONAL_CONTEXT,C0_DIRECT+C1_BRIDGEABLE+C2_CONDITIONAL,6,4,0,5,1,0,False,True,False
FROZEN,A3_SOURCE_GRADE_ONLY_NAIVE,C0_DIRECT+C1_BRIDGEABLE+C2_CONDITIONAL+E0_MISSING,20,5,0,5,1,14,False,True,True
MAJORITY_SUBSTITUTION,A0_DIRECT_ONLY,C0_DIRECT,1,1,1,0,0,0,True,False,False
MAJORITY_SUBSTITUTION,A1_DIRECT_PLUS_BRIDGEABLE,C0_DIRECT+C1_BRIDGEABLE,4,2,1,3,0,0,False,True,False
MAJORITY_SUBSTITUTION,A2_PLUS_CONDITIONAL_CONTEXT,C0_DIRECT+C1_BRIDGEABLE+C2_CONDITIONAL,5,3,1,3,1,0,False,True,False
MAJORITY_SUBSTITUTION,A3_SOURCE_GRADE_ONLY_NAIVE,C0_DIRECT+C1_BRIDGEABLE+C2_CONDITIONAL+E0_MISSING,20,5,1,3,1,15,False,True,True
CONSERVATIVE_MAJORITY,A0_DIRECT_ONLY,C0_DIRECT,0,0,0,0,0,0,False,False,False
CONSERVATIVE_MAJORITY,A1_DIRECT_PLUS_BRIDGEABLE,C0_DIRECT+C1_BRIDGEABLE,4,2,0,4,0,0,False,True,False
CONSERVATIVE_MAJORITY,A2_PLUS_CONDITIONAL_CONTEXT,C0_DIRECT+C1_BRIDGEABLE+C2_CONDITIONAL,5,3,0,4,1,0,False,True,False
CONSERVATIVE_MAJORITY,A3_SOURCE_GRADE_ONLY_NAIVE,C0_DIRECT+C1_BRIDGEABLE+C2_CONDITIONAL+E0_MISSING,20,5,0,4,1,15,False,True,True
