audit_item_id,validation_partition,source_id,target_metric_id,algorithm_class,primary_consensus_class,primary_consensus_count,primary_consensus_status,sensitivity_scheme,sensitivity_class,class_changed_from_frozen
I04,internal_frozen_benchmark,vomhoff_nbiot_ltem_energy_2023,delivery_probability,E0_MISSING,E0_MISSING,4,unanimous,FROZEN,E0_MISSING,False
I09,internal_frozen_benchmark,insectt_wsn_power_2023,expected_device_energy_per_application_report_j,C1_BRIDGEABLE,TIE,2,tie_2_2,FROZEN,C1_BRIDGEABLE,False
I10,internal_frozen_benchmark,loed_lorawan_edge_2020,expected_device_energy_per_application_report_j,E0_MISSING,E0_MISSING,4,unanimous,FROZEN,E0_MISSING,False
E12,held_out_external_source,EV_E3_LEENDERS_NBIOT_POWER_2019,end_to_end_application_latency_ms,E0_MISSING,E0_MISSING,3,majority_3of4,FROZEN,E0_MISSING,False
E13,held_out_external_source,EV_E3_LEENDERS_NBIOT_POWER_2019,expected_device_energy_per_application_report_j,C1_BRIDGEABLE,C1_BRIDGEABLE,3,majority_3of4,FROZEN,C1_BRIDGEABLE,False
I17,internal_frozen_benchmark,insectt_wsn_power_2023,lifecycle_cost_eur,E0_MISSING,E0_MISSING,4,unanimous,FROZEN,E0_MISSING,False
E15,held_out_external_source,EV_E3_LEENDERS_NBIOT_POWER_2019,lifecycle_cost_eur,E0_MISSING,E0_MISSING,4,unanimous,FROZEN,E0_MISSING,False
I14,internal_frozen_benchmark,loed_lorawan_edge_2020,feasible_link_probability,C1_BRIDGEABLE,C2_CONDITIONAL,3,majority_3of4,FROZEN,C1_BRIDGEABLE,False
E05,held_out_external_source,EV_E1_KOUSIAS_NBIOT_4G_5G_2023,lifecycle_cost_eur,E0_MISSING,E0_MISSING,4,unanimous,FROZEN,E0_MISSING,False
I06,internal_frozen_benchmark,loed_lorawan_edge_2020,end_to_end_application_latency_ms,E0_MISSING,E0_MISSING,4,unanimous,FROZEN,E0_MISSING,False
E08,held_out_external_source,EV_E2_POVALAC_LORAWAN_TRAFFIC_2023,expected_device_energy_per_application_report_j,E0_MISSING,E0_MISSING,4,unanimous,FROZEN,E0_MISSING,False
E01,held_out_external_source,EV_E1_KOUSIAS_NBIOT_4G_5G_2023,delivery_probability,E0_MISSING,E0_MISSING,4,unanimous,FROZEN,E0_MISSING,False
I20,internal_frozen_benchmark,vomhoff_nbiot_ltem_energy_2023,lifecycle_cost_eur,E0_MISSING,E0_MISSING,4,unanimous,FROZEN,E0_MISSING,False
I18,internal_frozen_benchmark,loed_lorawan_edge_2020,lifecycle_cost_eur,E0_MISSING,E0_MISSING,4,unanimous,FROZEN,E0_MISSING,False
I03,internal_frozen_benchmark,lorawan_lrfhss_energy_2024,delivery_probability,E0_MISSING,E0_MISSING,4,unanimous,FROZEN,E0_MISSING,False
I08,internal_frozen_benchmark,vomhoff_nbiot_ltem_energy_2023,end_to_end_application_latency_ms,C1_BRIDGEABLE,C2_CONDITIONAL,2,plurality,FROZEN,C1_BRIDGEABLE,False
I02,internal_frozen_benchmark,loed_lorawan_edge_2020,delivery_probability,C2_CONDITIONAL,E0_MISSING,4,unanimous,FROZEN,C2_CONDITIONAL,False
I07,internal_frozen_benchmark,lorawan_lrfhss_energy_2024,end_to_end_application_latency_ms,E0_MISSING,E0_MISSING,3,majority_3of4,FROZEN,E0_MISSING,False
E07,held_out_external_source,EV_E2_POVALAC_LORAWAN_TRAFFIC_2023,end_to_end_application_latency_ms,E0_MISSING,E0_MISSING,4,unanimous,FROZEN,E0_MISSING,False
I15,internal_frozen_benchmark,lorawan_lrfhss_energy_2024,feasible_link_probability,E0_MISSING,E0_MISSING,3,majority_3of4,FROZEN,E0_MISSING,False
I11,internal_frozen_benchmark,lorawan_lrfhss_energy_2024,expected_device_energy_per_application_report_j,C1_BRIDGEABLE,C1_BRIDGEABLE,3,majority_3of4,FROZEN,C1_BRIDGEABLE,False
I16,internal_frozen_benchmark,vomhoff_nbiot_ltem_energy_2023,feasible_link_probability,E0_MISSING,E0_MISSING,4,unanimous,FROZEN,E0_MISSING,False
E09,held_out_external_source,EV_E2_POVALAC_LORAWAN_TRAFFIC_2023,feasible_link_probability,C1_BRIDGEABLE,C2_CONDITIONAL,3,majority_3of4,FROZEN,C1_BRIDGEABLE,False
E02,held_out_external_source,EV_E1_KOUSIAS_NBIOT_4G_5G_2023,end_to_end_application_latency_ms,E0_MISSING,E0_MISSING,4,unanimous,FROZEN,E0_MISSING,False
I05,internal_frozen_benchmark,insectt_wsn_power_2023,end_to_end_application_latency_ms,E0_MISSING,E0_MISSING,3,majority_3of4,FROZEN,E0_MISSING,False
I13,internal_frozen_benchmark,insectt_wsn_power_2023,feasible_link_probability,E0_MISSING,E0_MISSING,4,unanimous,FROZEN,E0_MISSING,False
E06,held_out_external_source,EV_E2_POVALAC_LORAWAN_TRAFFIC_2023,delivery_probability,C2_CONDITIONAL,E0_MISSING,4,unanimous,FROZEN,C2_CONDITIONAL,False
E14,held_out_external_source,EV_E3_LEENDERS_NBIOT_POWER_2019,feasible_link_probability,C2_CONDITIONAL,C2_CONDITIONAL,3,majority_3of4,FROZEN,C2_CONDITIONAL,False
I12,internal_frozen_benchmark,vomhoff_nbiot_ltem_energy_2023,expected_device_energy_per_application_report_j,C1_BRIDGEABLE,C0_DIRECT,3,majority_3of4,FROZEN,C1_BRIDGEABLE,False
E04,held_out_external_source,EV_E1_KOUSIAS_NBIOT_4G_5G_2023,feasible_link_probability,C1_BRIDGEABLE,TIE,2,tie_2_2,FROZEN,C1_BRIDGEABLE,False
I01,internal_frozen_benchmark,insectt_wsn_power_2023,delivery_probability,E0_MISSING,E0_MISSING,4,unanimous,FROZEN,E0_MISSING,False
I19,internal_frozen_benchmark,lorawan_lrfhss_energy_2024,lifecycle_cost_eur,E0_MISSING,E0_MISSING,4,unanimous,FROZEN,E0_MISSING,False
E10,held_out_external_source,EV_E2_POVALAC_LORAWAN_TRAFFIC_2023,lifecycle_cost_eur,E0_MISSING,E0_MISSING,4,unanimous,FROZEN,E0_MISSING,False
E03,held_out_external_source,EV_E1_KOUSIAS_NBIOT_4G_5G_2023,expected_device_energy_per_application_report_j,E0_MISSING,E0_MISSING,4,unanimous,FROZEN,E0_MISSING,False
E11,held_out_external_source,EV_E3_LEENDERS_NBIOT_POWER_2019,delivery_probability,E0_MISSING,E0_MISSING,4,unanimous,FROZEN,E0_MISSING,False
I04,internal_frozen_benchmark,vomhoff_nbiot_ltem_energy_2023,delivery_probability,E0_MISSING,E0_MISSING,4,unanimous,MAJORITY_SUBSTITUTION,E0_MISSING,False
I09,internal_frozen_benchmark,insectt_wsn_power_2023,expected_device_energy_per_application_report_j,C1_BRIDGEABLE,TIE,2,tie_2_2,MAJORITY_SUBSTITUTION,C1_BRIDGEABLE,False
I10,internal_frozen_benchmark,loed_lorawan_edge_2020,expected_device_energy_per_application_report_j,E0_MISSING,E0_MISSING,4,unanimous,MAJORITY_SUBSTITUTION,E0_MISSING,False
E12,held_out_external_source,EV_E3_LEENDERS_NBIOT_POWER_2019,end_to_end_application_latency_ms,E0_MISSING,E0_MISSING,3,majority_3of4,MAJORITY_SUBSTITUTION,E0_MISSING,False
E13,held_out_external_source,EV_E3_LEENDERS_NBIOT_POWER_2019,expected_device_energy_per_application_report_j,C1_BRIDGEABLE,C1_BRIDGEABLE,3,majority_3of4,MAJORITY_SUBSTITUTION,C1_BRIDGEABLE,False
I17,internal_frozen_benchmark,insectt_wsn_power_2023,lifecycle_cost_eur,E0_MISSING,E0_MISSING,4,unanimous,MAJORITY_SUBSTITUTION,E0_MISSING,False
E15,held_out_external_source,EV_E3_LEENDERS_NBIOT_POWER_2019,lifecycle_cost_eur,E0_MISSING,E0_MISSING,4,unanimous,MAJORITY_SUBSTITUTION,E0_MISSING,False
I14,internal_frozen_benchmark,loed_lorawan_edge_2020,feasible_link_probability,C1_BRIDGEABLE,C2_CONDITIONAL,3,majority_3of4,MAJORITY_SUBSTITUTION,C2_CONDITIONAL,True
E05,held_out_external_source,EV_E1_KOUSIAS_NBIOT_4G_5G_2023,lifecycle_cost_eur,E0_MISSING,E0_MISSING,4,unanimous,MAJORITY_SUBSTITUTION,E0_MISSING,False
I06,internal_frozen_benchmark,loed_lorawan_edge_2020,end_to_end_application_latency_ms,E0_MISSING,E0_MISSING,4,unanimous,MAJORITY_SUBSTITUTION,E0_MISSING,False
E08,held_out_external_source,EV_E2_POVALAC_LORAWAN_TRAFFIC_2023,expected_device_energy_per_application_report_j,E0_MISSING,E0_MISSING,4,unanimous,MAJORITY_SUBSTITUTION,E0_MISSING,False
E01,held_out_external_source,EV_E1_KOUSIAS_NBIOT_4G_5G_2023,delivery_probability,E0_MISSING,E0_MISSING,4,unanimous,MAJORITY_SUBSTITUTION,E0_MISSING,False
I20,internal_frozen_benchmark,vomhoff_nbiot_ltem_energy_2023,lifecycle_cost_eur,E0_MISSING,E0_MISSING,4,unanimous,MAJORITY_SUBSTITUTION,E0_MISSING,False
I18,internal_frozen_benchmark,loed_lorawan_edge_2020,lifecycle_cost_eur,E0_MISSING,E0_MISSING,4,unanimous,MAJORITY_SUBSTITUTION,E0_MISSING,False
I03,internal_frozen_benchmark,lorawan_lrfhss_energy_2024,delivery_probability,E0_MISSING,E0_MISSING,4,unanimous,MAJORITY_SUBSTITUTION,E0_MISSING,False
I08,internal_frozen_benchmark,vomhoff_nbiot_ltem_energy_2023,end_to_end_application_latency_ms,C1_BRIDGEABLE,C2_CONDITIONAL,2,plurality,MAJORITY_SUBSTITUTION,C1_BRIDGEABLE,False
I02,internal_frozen_benchmark,loed_lorawan_edge_2020,delivery_probability,C2_CONDITIONAL,E0_MISSING,4,unanimous,MAJORITY_SUBSTITUTION,E0_MISSING,True
I07,internal_frozen_benchmark,lorawan_lrfhss_energy_2024,end_to_end_application_latency_ms,E0_MISSING,E0_MISSING,3,majority_3of4,MAJORITY_SUBSTITUTION,E0_MISSING,False
E07,held_out_external_source,EV_E2_POVALAC_LORAWAN_TRAFFIC_2023,end_to_end_application_latency_ms,E0_MISSING,E0_MISSING,4,unanimous,MAJORITY_SUBSTITUTION,E0_MISSING,False
I15,internal_frozen_benchmark,lorawan_lrfhss_energy_2024,feasible_link_probability,E0_MISSING,E0_MISSING,3,majority_3of4,MAJORITY_SUBSTITUTION,E0_MISSING,False
I11,internal_frozen_benchmark,lorawan_lrfhss_energy_2024,expected_device_energy_per_application_report_j,C1_BRIDGEABLE,C1_BRIDGEABLE,3,majority_3of4,MAJORITY_SUBSTITUTION,C1_BRIDGEABLE,False
I16,internal_frozen_benchmark,vomhoff_nbiot_ltem_energy_2023,feasible_link_probability,E0_MISSING,E0_MISSING,4,unanimous,MAJORITY_SUBSTITUTION,E0_MISSING,False
E09,held_out_external_source,EV_E2_POVALAC_LORAWAN_TRAFFIC_2023,feasible_link_probability,C1_BRIDGEABLE,C2_CONDITIONAL,3,majority_3of4,MAJORITY_SUBSTITUTION,C2_CONDITIONAL,True
E02,held_out_external_source,EV_E1_KOUSIAS_NBIOT_4G_5G_2023,end_to_end_application_latency_ms,E0_MISSING,E0_MISSING,4,unanimous,MAJORITY_SUBSTITUTION,E0_MISSING,False
I05,internal_frozen_benchmark,insectt_wsn_power_2023,end_to_end_application_latency_ms,E0_MISSING,E0_MISSING,3,majority_3of4,MAJORITY_SUBSTITUTION,E0_MISSING,False
I13,internal_frozen_benchmark,insectt_wsn_power_2023,feasible_link_probability,E0_MISSING,E0_MISSING,4,unanimous,MAJORITY_SUBSTITUTION,E0_MISSING,False
E06,held_out_external_source,EV_E2_POVALAC_LORAWAN_TRAFFIC_2023,delivery_probability,C2_CONDITIONAL,E0_MISSING,4,unanimous,MAJORITY_SUBSTITUTION,E0_MISSING,True
E14,held_out_external_source,EV_E3_LEENDERS_NBIOT_POWER_2019,feasible_link_probability,C2_CONDITIONAL,C2_CONDITIONAL,3,majority_3of4,MAJORITY_SUBSTITUTION,C2_CONDITIONAL,False
I12,internal_frozen_benchmark,vomhoff_nbiot_ltem_energy_2023,expected_device_energy_per_application_report_j,C1_BRIDGEABLE,C0_DIRECT,3,majority_3of4,MAJORITY_SUBSTITUTION,C0_DIRECT,True
E04,held_out_external_source,EV_E1_KOUSIAS_NBIOT_4G_5G_2023,feasible_link_probability,C1_BRIDGEABLE,TIE,2,tie_2_2,MAJORITY_SUBSTITUTION,C1_BRIDGEABLE,False
I01,internal_frozen_benchmark,insectt_wsn_power_2023,delivery_probability,E0_MISSING,E0_MISSING,4,unanimous,MAJORITY_SUBSTITUTION,E0_MISSING,False
I19,internal_frozen_benchmark,lorawan_lrfhss_energy_2024,lifecycle_cost_eur,E0_MISSING,E0_MISSING,4,unanimous,MAJORITY_SUBSTITUTION,E0_MISSING,False
E10,held_out_external_source,EV_E2_POVALAC_LORAWAN_TRAFFIC_2023,lifecycle_cost_eur,E0_MISSING,E0_MISSING,4,unanimous,MAJORITY_SUBSTITUTION,E0_MISSING,False
E03,held_out_external_source,EV_E1_KOUSIAS_NBIOT_4G_5G_2023,expected_device_energy_per_application_report_j,E0_MISSING,E0_MISSING,4,unanimous,MAJORITY_SUBSTITUTION,E0_MISSING,False
E11,held_out_external_source,EV_E3_LEENDERS_NBIOT_POWER_2019,delivery_probability,E0_MISSING,E0_MISSING,4,unanimous,MAJORITY_SUBSTITUTION,E0_MISSING,False
I04,internal_frozen_benchmark,vomhoff_nbiot_ltem_energy_2023,delivery_probability,E0_MISSING,E0_MISSING,4,unanimous,CONSERVATIVE_MAJORITY,E0_MISSING,False
I09,internal_frozen_benchmark,insectt_wsn_power_2023,expected_device_energy_per_application_report_j,C1_BRIDGEABLE,TIE,2,tie_2_2,CONSERVATIVE_MAJORITY,C1_BRIDGEABLE,False
I10,internal_frozen_benchmark,loed_lorawan_edge_2020,expected_device_energy_per_application_report_j,E0_MISSING,E0_MISSING,4,unanimous,CONSERVATIVE_MAJORITY,E0_MISSING,False
E12,held_out_external_source,EV_E3_LEENDERS_NBIOT_POWER_2019,end_to_end_application_latency_ms,E0_MISSING,E0_MISSING,3,majority_3of4,CONSERVATIVE_MAJORITY,E0_MISSING,False
E13,held_out_external_source,EV_E3_LEENDERS_NBIOT_POWER_2019,expected_device_energy_per_application_report_j,C1_BRIDGEABLE,C1_BRIDGEABLE,3,majority_3of4,CONSERVATIVE_MAJORITY,C1_BRIDGEABLE,False
I17,internal_frozen_benchmark,insectt_wsn_power_2023,lifecycle_cost_eur,E0_MISSING,E0_MISSING,4,unanimous,CONSERVATIVE_MAJORITY,E0_MISSING,False
E15,held_out_external_source,EV_E3_LEENDERS_NBIOT_POWER_2019,lifecycle_cost_eur,E0_MISSING,E0_MISSING,4,unanimous,CONSERVATIVE_MAJORITY,E0_MISSING,False
I14,internal_frozen_benchmark,loed_lorawan_edge_2020,feasible_link_probability,C1_BRIDGEABLE,C2_CONDITIONAL,3,majority_3of4,CONSERVATIVE_MAJORITY,C2_CONDITIONAL,True
E05,held_out_external_source,EV_E1_KOUSIAS_NBIOT_4G_5G_2023,lifecycle_cost_eur,E0_MISSING,E0_MISSING,4,unanimous,CONSERVATIVE_MAJORITY,E0_MISSING,False
I06,internal_frozen_benchmark,loed_lorawan_edge_2020,end_to_end_application_latency_ms,E0_MISSING,E0_MISSING,4,unanimous,CONSERVATIVE_MAJORITY,E0_MISSING,False
E08,held_out_external_source,EV_E2_POVALAC_LORAWAN_TRAFFIC_2023,expected_device_energy_per_application_report_j,E0_MISSING,E0_MISSING,4,unanimous,CONSERVATIVE_MAJORITY,E0_MISSING,False
E01,held_out_external_source,EV_E1_KOUSIAS_NBIOT_4G_5G_2023,delivery_probability,E0_MISSING,E0_MISSING,4,unanimous,CONSERVATIVE_MAJORITY,E0_MISSING,False
I20,internal_frozen_benchmark,vomhoff_nbiot_ltem_energy_2023,lifecycle_cost_eur,E0_MISSING,E0_MISSING,4,unanimous,CONSERVATIVE_MAJORITY,E0_MISSING,False
I18,internal_frozen_benchmark,loed_lorawan_edge_2020,lifecycle_cost_eur,E0_MISSING,E0_MISSING,4,unanimous,CONSERVATIVE_MAJORITY,E0_MISSING,False
I03,internal_frozen_benchmark,lorawan_lrfhss_energy_2024,delivery_probability,E0_MISSING,E0_MISSING,4,unanimous,CONSERVATIVE_MAJORITY,E0_MISSING,False
I08,internal_frozen_benchmark,vomhoff_nbiot_ltem_energy_2023,end_to_end_application_latency_ms,C1_BRIDGEABLE,C2_CONDITIONAL,2,plurality,CONSERVATIVE_MAJORITY,C1_BRIDGEABLE,False
I02,internal_frozen_benchmark,loed_lorawan_edge_2020,delivery_probability,C2_CONDITIONAL,E0_MISSING,4,unanimous,CONSERVATIVE_MAJORITY,E0_MISSING,True
I07,internal_frozen_benchmark,lorawan_lrfhss_energy_2024,end_to_end_application_latency_ms,E0_MISSING,E0_MISSING,3,majority_3of4,CONSERVATIVE_MAJORITY,E0_MISSING,False
E07,held_out_external_source,EV_E2_POVALAC_LORAWAN_TRAFFIC_2023,end_to_end_application_latency_ms,E0_MISSING,E0_MISSING,4,unanimous,CONSERVATIVE_MAJORITY,E0_MISSING,False
I15,internal_frozen_benchmark,lorawan_lrfhss_energy_2024,feasible_link_probability,E0_MISSING,E0_MISSING,3,majority_3of4,CONSERVATIVE_MAJORITY,E0_MISSING,False
I11,internal_frozen_benchmark,lorawan_lrfhss_energy_2024,expected_device_energy_per_application_report_j,C1_BRIDGEABLE,C1_BRIDGEABLE,3,majority_3of4,CONSERVATIVE_MAJORITY,C1_BRIDGEABLE,False
I16,internal_frozen_benchmark,vomhoff_nbiot_ltem_energy_2023,feasible_link_probability,E0_MISSING,E0_MISSING,4,unanimous,CONSERVATIVE_MAJORITY,E0_MISSING,False
E09,held_out_external_source,EV_E2_POVALAC_LORAWAN_TRAFFIC_2023,feasible_link_probability,C1_BRIDGEABLE,C2_CONDITIONAL,3,majority_3of4,CONSERVATIVE_MAJORITY,C2_CONDITIONAL,True
E02,held_out_external_source,EV_E1_KOUSIAS_NBIOT_4G_5G_2023,end_to_end_application_latency_ms,E0_MISSING,E0_MISSING,4,unanimous,CONSERVATIVE_MAJORITY,E0_MISSING,False
I05,internal_frozen_benchmark,insectt_wsn_power_2023,end_to_end_application_latency_ms,E0_MISSING,E0_MISSING,3,majority_3of4,CONSERVATIVE_MAJORITY,E0_MISSING,False
I13,internal_frozen_benchmark,insectt_wsn_power_2023,feasible_link_probability,E0_MISSING,E0_MISSING,4,unanimous,CONSERVATIVE_MAJORITY,E0_MISSING,False
E06,held_out_external_source,EV_E2_POVALAC_LORAWAN_TRAFFIC_2023,delivery_probability,C2_CONDITIONAL,E0_MISSING,4,unanimous,CONSERVATIVE_MAJORITY,E0_MISSING,True
E14,held_out_external_source,EV_E3_LEENDERS_NBIOT_POWER_2019,feasible_link_probability,C2_CONDITIONAL,C2_CONDITIONAL,3,majority_3of4,CONSERVATIVE_MAJORITY,C2_CONDITIONAL,False
I12,internal_frozen_benchmark,vomhoff_nbiot_ltem_energy_2023,expected_device_energy_per_application_report_j,C1_BRIDGEABLE,C0_DIRECT,3,majority_3of4,CONSERVATIVE_MAJORITY,C1_BRIDGEABLE,False
E04,held_out_external_source,EV_E1_KOUSIAS_NBIOT_4G_5G_2023,feasible_link_probability,C1_BRIDGEABLE,TIE,2,tie_2_2,CONSERVATIVE_MAJORITY,C1_BRIDGEABLE,False
I01,internal_frozen_benchmark,insectt_wsn_power_2023,delivery_probability,E0_MISSING,E0_MISSING,4,unanimous,CONSERVATIVE_MAJORITY,E0_MISSING,False
I19,internal_frozen_benchmark,lorawan_lrfhss_energy_2024,lifecycle_cost_eur,E0_MISSING,E0_MISSING,4,unanimous,CONSERVATIVE_MAJORITY,E0_MISSING,False
E10,held_out_external_source,EV_E2_POVALAC_LORAWAN_TRAFFIC_2023,lifecycle_cost_eur,E0_MISSING,E0_MISSING,4,unanimous,CONSERVATIVE_MAJORITY,E0_MISSING,False
E03,held_out_external_source,EV_E1_KOUSIAS_NBIOT_4G_5G_2023,expected_device_energy_per_application_report_j,E0_MISSING,E0_MISSING,4,unanimous,CONSERVATIVE_MAJORITY,E0_MISSING,False
E11,held_out_external_source,EV_E3_LEENDERS_NBIOT_POWER_2019,delivery_probability,E0_MISSING,E0_MISSING,4,unanimous,CONSERVATIVE_MAJORITY,E0_MISSING,False
