scenario_id,stack_id,feasibility_status,target_metric_id,first_slice_required,stage5e_readiness_status,stage6a_decision_use_status,evidence_maturity,canonical_target_ready,score_authorised,tariff_volume_context_class,tariff_volume_min_mb_5y,tariff_volume_max_mb_5y,probability_interpretation,blocking_reasons,experiment2_support_state,sensitivity_scheme,audited_relation_changes_touching_row,sensitivity_support_state,support_state_changed,sensitivity_rationale
environmental_private_lorawan,lorawan_lora_lwm2m_nonip,feasible,expected_device_energy_per_application_report_j,True,MISSING,BLOCKED,MISSING,False,False,,,,,loed_is_reception_side_only|no_classical_lora_device_energy_in_core_four,MISSING_OR_UNIDENTIFIED,FROZEN,,MISSING_OR_UNIDENTIFIED,False,no_audited_source_target_relabeling_for_candidate_target
environmental_private_lorawan,lorawan_lora_lwm2m_nonip,feasible,lifecycle_cost_eur,True,MISSING,BLOCKED,COST_TARGET_NOT_IDENTIFIED,False,False,,,,,required_price_evidence_missing|shared_infrastructure_allocation_scale_missing|not_in_stage5i_cellular_price_tranche,MISSING_OR_UNIDENTIFIED,FROZEN,,MISSING_OR_UNIDENTIFIED,False,no_audited_source_target_relabeling_for_candidate_target
environmental_private_lorawan,lorawan_lrfhss_lwm2m_nonip,feasible,expected_device_energy_per_application_report_j,True,PROFILE_UNRESOLVED,BLOCKED,PROFILE_UNRESOLVED,False,False,,,,,radio_only_boundary|generic_deployment_variant_unidentified|whole_device_residual_energy_unidentified,PROFILE_UNRESOLVED,FROZEN,,PROFILE_UNRESOLVED,False,no_audited_source_target_relabeling_for_candidate_target
environmental_private_lorawan,lorawan_lrfhss_lwm2m_nonip,feasible,lifecycle_cost_eur,True,MISSING,BLOCKED,COST_TARGET_NOT_IDENTIFIED,False,False,,,,,required_price_evidence_missing|shared_infrastructure_allocation_scale_missing|not_in_stage5i_cellular_price_tranche,MISSING_OR_UNIDENTIFIED,FROZEN,,MISSING_OR_UNIDENTIFIED,False,no_audited_source_target_relabeling_for_candidate_target
smart_meter_public_cellular,nbiot_ip_coap_dtls_lwm2m,feasible,expected_device_energy_per_application_report_j,True,PROFILE_UNRESOLVED,BLOCKED,STRUCTURAL_TRANSFER_SUPPORT_ONLY,False,False,,,,,external_state_model_not_absolute_vomhoff_calibration|modem_only_vs_vomhoff_whole_device_boundary|device_specific_state_power_characterisation_required|candidate_upper_layer_context_not_exactly_supported,STRUCTURAL_TRANSFER_ONLY,FROZEN,,STRUCTURAL_TRANSFER_ONLY,False,no_audited_source_target_relabeling_for_candidate_target
smart_meter_public_cellular,nbiot_ip_coap_dtls_lwm2m,feasible,lifecycle_cost_eur,True,MISSING,CONTEXT_ONLY,DATED_COST_FLOOR_PLUS_RAW_TARIFF_ROBUSTNESS_CONTEXT,False,False,ROBUST_WITHIN_NOMINAL_RAW_ALLOWANCE,48.73896,156.0348,False,tariff_volume_fit_not_identified|reference_retail_price_not_market_distribution,CONTEXT_ONLY,FROZEN,,CONTEXT_ONLY,False,no_audited_source_target_relabeling_for_candidate_target
smart_meter_public_cellular,ltem_ip_coap_dtls_lwm2m,feasible,expected_device_energy_per_application_report_j,True,PROFILE_UNRESOLVED,BLOCKED,STRUCTURAL_TRANSFER_SUPPORT_ONLY,False,False,,,,,external_state_model_not_absolute_vomhoff_calibration|modem_only_vs_vomhoff_whole_device_boundary|device_specific_state_power_characterisation_required|candidate_upper_layer_context_not_exactly_supported,STRUCTURAL_TRANSFER_ONLY,FROZEN,,STRUCTURAL_TRANSFER_ONLY,False,no_audited_source_target_relabeling_for_candidate_target
smart_meter_public_cellular,ltem_ip_coap_dtls_lwm2m,feasible,lifecycle_cost_eur,True,MISSING,CONTEXT_ONLY,DATED_COST_FLOOR_PLUS_RAW_TARIFF_ROBUSTNESS_CONTEXT,False,False,ROBUST_WITHIN_NOMINAL_RAW_ALLOWANCE,48.73896,156.0348,False,tariff_volume_fit_not_identified|reference_retail_price_not_market_distribution,CONTEXT_ONLY,FROZEN,,CONTEXT_ONLY,False,no_audited_source_target_relabeling_for_candidate_target
smart_meter_public_cellular,nbiot_ip_mqtt_tls_lwm2m,feasible,expected_device_energy_per_application_report_j,True,PROFILE_UNRESOLVED,BLOCKED,STRUCTURAL_TRANSFER_SUPPORT_ONLY,False,False,,,,,external_state_model_not_absolute_vomhoff_calibration|modem_only_vs_vomhoff_whole_device_boundary|device_specific_state_power_characterisation_required|candidate_upper_layer_context_not_exactly_supported,STRUCTURAL_TRANSFER_ONLY,FROZEN,,STRUCTURAL_TRANSFER_ONLY,False,no_audited_source_target_relabeling_for_candidate_target
smart_meter_public_cellular,nbiot_ip_mqtt_tls_lwm2m,feasible,lifecycle_cost_eur,True,MISSING,CONTEXT_ONLY,DATED_COST_FLOOR_PLUS_RAW_TARIFF_ROBUSTNESS_CONTEXT,False,False,ROBUST_WITHIN_NOMINAL_RAW_ALLOWANCE,73.10844,320.13432,False,tariff_volume_fit_not_identified|reference_retail_price_not_market_distribution,CONTEXT_ONLY,FROZEN,,CONTEXT_ONLY,False,no_audited_source_target_relabeling_for_candidate_target
smart_meter_public_cellular,ltem_ip_mqtt_tls_lwm2m,feasible,expected_device_energy_per_application_report_j,True,PROFILE_UNRESOLVED,BLOCKED,STRUCTURAL_TRANSFER_SUPPORT_ONLY,False,False,,,,,external_state_model_not_absolute_vomhoff_calibration|modem_only_vs_vomhoff_whole_device_boundary|device_specific_state_power_characterisation_required|candidate_upper_layer_context_not_exactly_supported,STRUCTURAL_TRANSFER_ONLY,FROZEN,,STRUCTURAL_TRANSFER_ONLY,False,no_audited_source_target_relabeling_for_candidate_target
smart_meter_public_cellular,ltem_ip_mqtt_tls_lwm2m,feasible,lifecycle_cost_eur,True,MISSING,CONTEXT_ONLY,DATED_COST_FLOOR_PLUS_RAW_TARIFF_ROBUSTNESS_CONTEXT,False,False,ROBUST_WITHIN_NOMINAL_RAW_ALLOWANCE,73.10844,320.13432,False,tariff_volume_fit_not_identified|reference_retail_price_not_market_distribution,CONTEXT_ONLY,FROZEN,,CONTEXT_ONLY,False,no_audited_source_target_relabeling_for_candidate_target
smart_meter_public_cellular,nbiot_nonip_lwm2m,feasible,expected_device_energy_per_application_report_j,True,INCOMPATIBLE,BLOCKED,INCOMPATIBLE,False,False,,,,,vomhoff_ip_context_not_transferable_to_ciot_nonip,INCOMPATIBLE,FROZEN,,INCOMPATIBLE,False,no_audited_source_target_relabeling_for_candidate_target
smart_meter_public_cellular,nbiot_nonip_lwm2m,feasible,lifecycle_cost_eur,True,MISSING,BLOCKED,COST_TARGET_NOT_IDENTIFIED,False,False,,,,,operator_nonip_service_price_not_evidenced|exact_nonip_reference_hardware_applicability_not_evidenced,MISSING_OR_UNIDENTIFIED,FROZEN,,MISSING_OR_UNIDENTIFIED,False,no_audited_source_target_relabeling_for_candidate_target
smart_meter_public_cellular,ltem_nonip_lwm2m,feasible,expected_device_energy_per_application_report_j,True,INCOMPATIBLE,BLOCKED,INCOMPATIBLE,False,False,,,,,vomhoff_ip_context_not_transferable_to_ciot_nonip,INCOMPATIBLE,FROZEN,,INCOMPATIBLE,False,no_audited_source_target_relabeling_for_candidate_target
smart_meter_public_cellular,ltem_nonip_lwm2m,feasible,lifecycle_cost_eur,True,MISSING,BLOCKED,COST_TARGET_NOT_IDENTIFIED,False,False,,,,,operator_nonip_service_price_not_evidenced|exact_nonip_reference_hardware_applicability_not_evidenced,MISSING_OR_UNIDENTIFIED,FROZEN,,MISSING_OR_UNIDENTIFIED,False,no_audited_source_target_relabeling_for_candidate_target
urban_nonip_dual_access,nbiot_nonip_lwm2m,feasible,expected_device_energy_per_application_report_j,True,INCOMPATIBLE,BLOCKED,INCOMPATIBLE,False,False,,,,,vomhoff_ip_context_not_transferable_to_ciot_nonip,INCOMPATIBLE,FROZEN,,INCOMPATIBLE,False,no_audited_source_target_relabeling_for_candidate_target
urban_nonip_dual_access,nbiot_nonip_lwm2m,feasible,lifecycle_cost_eur,True,MISSING,BLOCKED,COST_TARGET_NOT_IDENTIFIED,False,False,,,,,operator_nonip_service_price_not_evidenced|exact_nonip_reference_hardware_applicability_not_evidenced,MISSING_OR_UNIDENTIFIED,FROZEN,,MISSING_OR_UNIDENTIFIED,False,no_audited_source_target_relabeling_for_candidate_target
urban_nonip_dual_access,ltem_nonip_lwm2m,feasible,expected_device_energy_per_application_report_j,True,INCOMPATIBLE,BLOCKED,INCOMPATIBLE,False,False,,,,,vomhoff_ip_context_not_transferable_to_ciot_nonip,INCOMPATIBLE,FROZEN,,INCOMPATIBLE,False,no_audited_source_target_relabeling_for_candidate_target
urban_nonip_dual_access,ltem_nonip_lwm2m,feasible,lifecycle_cost_eur,True,MISSING,BLOCKED,COST_TARGET_NOT_IDENTIFIED,False,False,,,,,operator_nonip_service_price_not_evidenced|exact_nonip_reference_hardware_applicability_not_evidenced,MISSING_OR_UNIDENTIFIED,FROZEN,,MISSING_OR_UNIDENTIFIED,False,no_audited_source_target_relabeling_for_candidate_target
urban_nonip_dual_access,lorawan_lora_lwm2m_nonip,feasible,expected_device_energy_per_application_report_j,True,MISSING,BLOCKED,MISSING,False,False,,,,,loed_is_reception_side_only|no_classical_lora_device_energy_in_core_four,MISSING_OR_UNIDENTIFIED,FROZEN,,MISSING_OR_UNIDENTIFIED,False,no_audited_source_target_relabeling_for_candidate_target
urban_nonip_dual_access,lorawan_lora_lwm2m_nonip,feasible,lifecycle_cost_eur,True,MISSING,BLOCKED,COST_TARGET_NOT_IDENTIFIED,False,False,,,,,ownership_mode_not_frozen|not_in_stage5i_cellular_price_tranche,MISSING_OR_UNIDENTIFIED,FROZEN,,MISSING_OR_UNIDENTIFIED,False,no_audited_source_target_relabeling_for_candidate_target
urban_nonip_dual_access,lorawan_lrfhss_lwm2m_nonip,feasible,expected_device_energy_per_application_report_j,True,PROFILE_UNRESOLVED,BLOCKED,PROFILE_UNRESOLVED,False,False,,,,,radio_only_boundary|generic_deployment_variant_unidentified|whole_device_residual_energy_unidentified,PROFILE_UNRESOLVED,FROZEN,,PROFILE_UNRESOLVED,False,no_audited_source_target_relabeling_for_candidate_target
urban_nonip_dual_access,lorawan_lrfhss_lwm2m_nonip,feasible,lifecycle_cost_eur,True,MISSING,BLOCKED,COST_TARGET_NOT_IDENTIFIED,False,False,,,,,ownership_mode_not_frozen|not_in_stage5i_cellular_price_tranche,MISSING_OR_UNIDENTIFIED,FROZEN,,MISSING_OR_UNIDENTIFIED,False,no_audited_source_target_relabeling_for_candidate_target
asset_tracking_periodic_cross_cell,nbiot_ip_coap_dtls_lwm2m,feasible,expected_device_energy_per_application_report_j,True,PROFILE_UNRESOLVED,BLOCKED,STRUCTURAL_TRANSFER_SUPPORT_ONLY,False,False,,,,,external_state_model_not_absolute_vomhoff_calibration|modem_only_vs_vomhoff_whole_device_boundary|device_specific_state_power_characterisation_required|candidate_upper_layer_context_not_exactly_supported,STRUCTURAL_TRANSFER_ONLY,FROZEN,,STRUCTURAL_TRANSFER_ONLY,False,no_audited_source_target_relabeling_for_candidate_target
asset_tracking_periodic_cross_cell,nbiot_ip_coap_dtls_lwm2m,feasible,lifecycle_cost_eur,True,MISSING,CONTEXT_ONLY,DATED_COST_FLOOR_PLUS_RAW_TARIFF_ROBUSTNESS_CONTEXT,False,False,PROTOCOL_ENVELOPE_SENSITIVE,373.4316,1974.9798,False,tariff_volume_fit_not_identified|reference_retail_price_not_market_distribution,READY_ROBUSTNESS_FAMILY,FROZEN,,READY_ROBUSTNESS_FAMILY,False,no_audited_source_target_relabeling_for_candidate_target
asset_tracking_periodic_cross_cell,ltem_ip_coap_dtls_lwm2m,feasible,expected_device_energy_per_application_report_j,True,PROFILE_UNRESOLVED,BLOCKED,STRUCTURAL_TRANSFER_SUPPORT_ONLY,False,False,,,,,external_state_model_not_absolute_vomhoff_calibration|modem_only_vs_vomhoff_whole_device_boundary|device_specific_state_power_characterisation_required|candidate_upper_layer_context_not_exactly_supported,STRUCTURAL_TRANSFER_ONLY,FROZEN,,STRUCTURAL_TRANSFER_ONLY,False,no_audited_source_target_relabeling_for_candidate_target
asset_tracking_periodic_cross_cell,ltem_ip_coap_dtls_lwm2m,feasible,lifecycle_cost_eur,True,MISSING,CONTEXT_ONLY,DATED_COST_FLOOR_PLUS_RAW_TARIFF_ROBUSTNESS_CONTEXT,False,False,PROTOCOL_ENVELOPE_SENSITIVE,373.4316,1974.9798,False,tariff_volume_fit_not_identified|reference_retail_price_not_market_distribution,READY_ROBUSTNESS_FAMILY,FROZEN,,READY_ROBUSTNESS_FAMILY,False,no_audited_source_target_relabeling_for_candidate_target
asset_tracking_periodic_cross_cell,nbiot_ip_mqtt_tls_lwm2m,feasible,expected_device_energy_per_application_report_j,True,PROFILE_UNRESOLVED,BLOCKED,STRUCTURAL_TRANSFER_SUPPORT_ONLY,False,False,,,,,external_state_model_not_absolute_vomhoff_calibration|modem_only_vs_vomhoff_whole_device_boundary|device_specific_state_power_characterisation_required|candidate_upper_layer_context_not_exactly_supported,STRUCTURAL_TRANSFER_ONLY,FROZEN,,STRUCTURAL_TRANSFER_ONLY,False,no_audited_source_target_relabeling_for_candidate_target
asset_tracking_periodic_cross_cell,nbiot_ip_mqtt_tls_lwm2m,feasible,lifecycle_cost_eur,True,MISSING,CONTEXT_ONLY,DATED_COST_FLOOR_PLUS_RAW_TARIFF_ROBUSTNESS_CONTEXT,False,False,ROBUST_EXCEED_NOMINAL_RAW_ALLOWANCE,738.9738,4436.4726,False,tariff_volume_fit_not_identified|reference_retail_price_not_market_distribution,READY_ROBUSTNESS_FAMILY,FROZEN,,READY_ROBUSTNESS_FAMILY,False,no_audited_source_target_relabeling_for_candidate_target
asset_tracking_periodic_cross_cell,ltem_ip_mqtt_tls_lwm2m,feasible,expected_device_energy_per_application_report_j,True,PROFILE_UNRESOLVED,BLOCKED,STRUCTURAL_TRANSFER_SUPPORT_ONLY,False,False,,,,,external_state_model_not_absolute_vomhoff_calibration|modem_only_vs_vomhoff_whole_device_boundary|device_specific_state_power_characterisation_required|candidate_upper_layer_context_not_exactly_supported,STRUCTURAL_TRANSFER_ONLY,FROZEN,,STRUCTURAL_TRANSFER_ONLY,False,no_audited_source_target_relabeling_for_candidate_target
asset_tracking_periodic_cross_cell,ltem_ip_mqtt_tls_lwm2m,feasible,lifecycle_cost_eur,True,MISSING,CONTEXT_ONLY,DATED_COST_FLOOR_PLUS_RAW_TARIFF_ROBUSTNESS_CONTEXT,False,False,ROBUST_EXCEED_NOMINAL_RAW_ALLOWANCE,738.9738,4436.4726,False,tariff_volume_fit_not_identified|reference_retail_price_not_market_distribution,READY_ROBUSTNESS_FAMILY,FROZEN,,READY_ROBUSTNESS_FAMILY,False,no_audited_source_target_relabeling_for_candidate_target
asset_tracking_periodic_cross_cell,nbiot_nonip_lwm2m,feasible,expected_device_energy_per_application_report_j,True,INCOMPATIBLE,BLOCKED,INCOMPATIBLE,False,False,,,,,vomhoff_ip_context_not_transferable_to_ciot_nonip,INCOMPATIBLE,FROZEN,,INCOMPATIBLE,False,no_audited_source_target_relabeling_for_candidate_target
asset_tracking_periodic_cross_cell,nbiot_nonip_lwm2m,feasible,lifecycle_cost_eur,True,MISSING,BLOCKED,COST_TARGET_NOT_IDENTIFIED,False,False,,,,,operator_nonip_service_price_not_evidenced|exact_nonip_reference_hardware_applicability_not_evidenced,MISSING_OR_UNIDENTIFIED,FROZEN,,MISSING_OR_UNIDENTIFIED,False,no_audited_source_target_relabeling_for_candidate_target
asset_tracking_periodic_cross_cell,ltem_nonip_lwm2m,feasible,expected_device_energy_per_application_report_j,True,INCOMPATIBLE,BLOCKED,INCOMPATIBLE,False,False,,,,,vomhoff_ip_context_not_transferable_to_ciot_nonip,INCOMPATIBLE,FROZEN,,INCOMPATIBLE,False,no_audited_source_target_relabeling_for_candidate_target
asset_tracking_periodic_cross_cell,ltem_nonip_lwm2m,feasible,lifecycle_cost_eur,True,MISSING,BLOCKED,COST_TARGET_NOT_IDENTIFIED,False,False,,,,,operator_nonip_service_price_not_evidenced|exact_nonip_reference_hardware_applicability_not_evidenced,MISSING_OR_UNIDENTIFIED,FROZEN,,MISSING_OR_UNIDENTIFIED,False,no_audited_source_target_relabeling_for_candidate_target
asset_tracking_connected_handover,ltem_ip_coap_dtls_lwm2m,feasible,expected_device_energy_per_application_report_j,True,PROFILE_UNRESOLVED,BLOCKED,STRUCTURAL_TRANSFER_SUPPORT_ONLY,False,False,,,,,external_state_model_not_absolute_vomhoff_calibration|modem_only_vs_vomhoff_whole_device_boundary|device_specific_state_power_characterisation_required|candidate_upper_layer_context_not_exactly_supported,STRUCTURAL_TRANSFER_ONLY,FROZEN,,STRUCTURAL_TRANSFER_ONLY,False,no_audited_source_target_relabeling_for_candidate_target
asset_tracking_connected_handover,ltem_ip_coap_dtls_lwm2m,feasible,lifecycle_cost_eur,True,MISSING,CONTEXT_ONLY,DATED_COST_FLOOR_PLUS_RAW_TARIFF_ROBUSTNESS_CONTEXT,False,False,PROTOCOL_ENVELOPE_SENSITIVE,373.4316,1974.9798,False,tariff_volume_fit_not_identified|reference_retail_price_not_market_distribution,CONTEXT_ONLY,FROZEN,,CONTEXT_ONLY,False,no_audited_source_target_relabeling_for_candidate_target
asset_tracking_connected_handover,ltem_ip_mqtt_tls_lwm2m,feasible,expected_device_energy_per_application_report_j,True,PROFILE_UNRESOLVED,BLOCKED,STRUCTURAL_TRANSFER_SUPPORT_ONLY,False,False,,,,,external_state_model_not_absolute_vomhoff_calibration|modem_only_vs_vomhoff_whole_device_boundary|device_specific_state_power_characterisation_required|candidate_upper_layer_context_not_exactly_supported,STRUCTURAL_TRANSFER_ONLY,FROZEN,,STRUCTURAL_TRANSFER_ONLY,False,no_audited_source_target_relabeling_for_candidate_target
asset_tracking_connected_handover,ltem_ip_mqtt_tls_lwm2m,feasible,lifecycle_cost_eur,True,MISSING,CONTEXT_ONLY,DATED_COST_FLOOR_PLUS_RAW_TARIFF_ROBUSTNESS_CONTEXT,False,False,ROBUST_EXCEED_NOMINAL_RAW_ALLOWANCE,738.9738,4436.4726,False,tariff_volume_fit_not_identified|reference_retail_price_not_market_distribution,CONTEXT_ONLY,FROZEN,,CONTEXT_ONLY,False,no_audited_source_target_relabeling_for_candidate_target
asset_tracking_connected_handover,ltem_nonip_lwm2m,feasible,expected_device_energy_per_application_report_j,True,INCOMPATIBLE,BLOCKED,INCOMPATIBLE,False,False,,,,,vomhoff_ip_context_not_transferable_to_ciot_nonip,INCOMPATIBLE,FROZEN,,INCOMPATIBLE,False,no_audited_source_target_relabeling_for_candidate_target
asset_tracking_connected_handover,ltem_nonip_lwm2m,feasible,lifecycle_cost_eur,True,MISSING,BLOCKED,COST_TARGET_NOT_IDENTIFIED,False,False,,,,,operator_nonip_service_price_not_evidenced|exact_nonip_reference_hardware_applicability_not_evidenced,MISSING_OR_UNIDENTIFIED,FROZEN,,MISSING_OR_UNIDENTIFIED,False,no_audited_source_target_relabeling_for_candidate_target
environmental_private_lorawan,lorawan_lora_lwm2m_nonip,feasible,expected_device_energy_per_application_report_j,True,MISSING,BLOCKED,MISSING,False,False,,,,,loed_is_reception_side_only|no_classical_lora_device_energy_in_core_four,MISSING_OR_UNIDENTIFIED,MAJORITY_SUBSTITUTION,,MISSING_OR_UNIDENTIFIED,False,no_audited_source_target_relabeling_for_candidate_target
environmental_private_lorawan,lorawan_lora_lwm2m_nonip,feasible,lifecycle_cost_eur,True,MISSING,BLOCKED,COST_TARGET_NOT_IDENTIFIED,False,False,,,,,required_price_evidence_missing|shared_infrastructure_allocation_scale_missing|not_in_stage5i_cellular_price_tranche,MISSING_OR_UNIDENTIFIED,MAJORITY_SUBSTITUTION,,MISSING_OR_UNIDENTIFIED,False,no_audited_source_target_relabeling_for_candidate_target
environmental_private_lorawan,lorawan_lrfhss_lwm2m_nonip,feasible,expected_device_energy_per_application_report_j,True,PROFILE_UNRESOLVED,BLOCKED,PROFILE_UNRESOLVED,False,False,,,,,radio_only_boundary|generic_deployment_variant_unidentified|whole_device_residual_energy_unidentified,PROFILE_UNRESOLVED,MAJORITY_SUBSTITUTION,,PROFILE_UNRESOLVED,False,no_audited_source_target_relabeling_for_candidate_target
environmental_private_lorawan,lorawan_lrfhss_lwm2m_nonip,feasible,lifecycle_cost_eur,True,MISSING,BLOCKED,COST_TARGET_NOT_IDENTIFIED,False,False,,,,,required_price_evidence_missing|shared_infrastructure_allocation_scale_missing|not_in_stage5i_cellular_price_tranche,MISSING_OR_UNIDENTIFIED,MAJORITY_SUBSTITUTION,,MISSING_OR_UNIDENTIFIED,False,no_audited_source_target_relabeling_for_candidate_target
smart_meter_public_cellular,nbiot_ip_coap_dtls_lwm2m,feasible,expected_device_energy_per_application_report_j,True,PROFILE_UNRESOLVED,BLOCKED,STRUCTURAL_TRANSFER_SUPPORT_ONLY,False,False,,,,,external_state_model_not_absolute_vomhoff_calibration|modem_only_vs_vomhoff_whole_device_boundary|device_specific_state_power_characterisation_required|candidate_upper_layer_context_not_exactly_supported,STRUCTURAL_TRANSFER_ONLY,MAJORITY_SUBSTITUTION,vomhoff_nbiot_ltem_energy_2023:C1_BRIDGEABLE->C0_DIRECT,STRUCTURAL_TRANSFER_ONLY,False,generic_relation_relabeling_does_not_override_candidate_specific_transfer_or_boundary_blocker
smart_meter_public_cellular,nbiot_ip_coap_dtls_lwm2m,feasible,lifecycle_cost_eur,True,MISSING,CONTEXT_ONLY,DATED_COST_FLOOR_PLUS_RAW_TARIFF_ROBUSTNESS_CONTEXT,False,False,ROBUST_WITHIN_NOMINAL_RAW_ALLOWANCE,48.73896,156.0348,False,tariff_volume_fit_not_identified|reference_retail_price_not_market_distribution,CONTEXT_ONLY,MAJORITY_SUBSTITUTION,,CONTEXT_ONLY,False,no_audited_source_target_relabeling_for_candidate_target
smart_meter_public_cellular,ltem_ip_coap_dtls_lwm2m,feasible,expected_device_energy_per_application_report_j,True,PROFILE_UNRESOLVED,BLOCKED,STRUCTURAL_TRANSFER_SUPPORT_ONLY,False,False,,,,,external_state_model_not_absolute_vomhoff_calibration|modem_only_vs_vomhoff_whole_device_boundary|device_specific_state_power_characterisation_required|candidate_upper_layer_context_not_exactly_supported,STRUCTURAL_TRANSFER_ONLY,MAJORITY_SUBSTITUTION,vomhoff_nbiot_ltem_energy_2023:C1_BRIDGEABLE->C0_DIRECT,STRUCTURAL_TRANSFER_ONLY,False,generic_relation_relabeling_does_not_override_candidate_specific_transfer_or_boundary_blocker
smart_meter_public_cellular,ltem_ip_coap_dtls_lwm2m,feasible,lifecycle_cost_eur,True,MISSING,CONTEXT_ONLY,DATED_COST_FLOOR_PLUS_RAW_TARIFF_ROBUSTNESS_CONTEXT,False,False,ROBUST_WITHIN_NOMINAL_RAW_ALLOWANCE,48.73896,156.0348,False,tariff_volume_fit_not_identified|reference_retail_price_not_market_distribution,CONTEXT_ONLY,MAJORITY_SUBSTITUTION,,CONTEXT_ONLY,False,no_audited_source_target_relabeling_for_candidate_target
smart_meter_public_cellular,nbiot_ip_mqtt_tls_lwm2m,feasible,expected_device_energy_per_application_report_j,True,PROFILE_UNRESOLVED,BLOCKED,STRUCTURAL_TRANSFER_SUPPORT_ONLY,False,False,,,,,external_state_model_not_absolute_vomhoff_calibration|modem_only_vs_vomhoff_whole_device_boundary|device_specific_state_power_characterisation_required|candidate_upper_layer_context_not_exactly_supported,STRUCTURAL_TRANSFER_ONLY,MAJORITY_SUBSTITUTION,vomhoff_nbiot_ltem_energy_2023:C1_BRIDGEABLE->C0_DIRECT,STRUCTURAL_TRANSFER_ONLY,False,generic_relation_relabeling_does_not_override_candidate_specific_transfer_or_boundary_blocker
smart_meter_public_cellular,nbiot_ip_mqtt_tls_lwm2m,feasible,lifecycle_cost_eur,True,MISSING,CONTEXT_ONLY,DATED_COST_FLOOR_PLUS_RAW_TARIFF_ROBUSTNESS_CONTEXT,False,False,ROBUST_WITHIN_NOMINAL_RAW_ALLOWANCE,73.10844,320.13432,False,tariff_volume_fit_not_identified|reference_retail_price_not_market_distribution,CONTEXT_ONLY,MAJORITY_SUBSTITUTION,,CONTEXT_ONLY,False,no_audited_source_target_relabeling_for_candidate_target
smart_meter_public_cellular,ltem_ip_mqtt_tls_lwm2m,feasible,expected_device_energy_per_application_report_j,True,PROFILE_UNRESOLVED,BLOCKED,STRUCTURAL_TRANSFER_SUPPORT_ONLY,False,False,,,,,external_state_model_not_absolute_vomhoff_calibration|modem_only_vs_vomhoff_whole_device_boundary|device_specific_state_power_characterisation_required|candidate_upper_layer_context_not_exactly_supported,STRUCTURAL_TRANSFER_ONLY,MAJORITY_SUBSTITUTION,vomhoff_nbiot_ltem_energy_2023:C1_BRIDGEABLE->C0_DIRECT,STRUCTURAL_TRANSFER_ONLY,False,generic_relation_relabeling_does_not_override_candidate_specific_transfer_or_boundary_blocker
smart_meter_public_cellular,ltem_ip_mqtt_tls_lwm2m,feasible,lifecycle_cost_eur,True,MISSING,CONTEXT_ONLY,DATED_COST_FLOOR_PLUS_RAW_TARIFF_ROBUSTNESS_CONTEXT,False,False,ROBUST_WITHIN_NOMINAL_RAW_ALLOWANCE,73.10844,320.13432,False,tariff_volume_fit_not_identified|reference_retail_price_not_market_distribution,CONTEXT_ONLY,MAJORITY_SUBSTITUTION,,CONTEXT_ONLY,False,no_audited_source_target_relabeling_for_candidate_target
smart_meter_public_cellular,nbiot_nonip_lwm2m,feasible,expected_device_energy_per_application_report_j,True,INCOMPATIBLE,BLOCKED,INCOMPATIBLE,False,False,,,,,vomhoff_ip_context_not_transferable_to_ciot_nonip,INCOMPATIBLE,MAJORITY_SUBSTITUTION,vomhoff_nbiot_ltem_energy_2023:C1_BRIDGEABLE->C0_DIRECT,INCOMPATIBLE,False,generic_relation_relabeling_does_not_override_candidate_specific_transfer_or_boundary_blocker
smart_meter_public_cellular,nbiot_nonip_lwm2m,feasible,lifecycle_cost_eur,True,MISSING,BLOCKED,COST_TARGET_NOT_IDENTIFIED,False,False,,,,,operator_nonip_service_price_not_evidenced|exact_nonip_reference_hardware_applicability_not_evidenced,MISSING_OR_UNIDENTIFIED,MAJORITY_SUBSTITUTION,,MISSING_OR_UNIDENTIFIED,False,no_audited_source_target_relabeling_for_candidate_target
smart_meter_public_cellular,ltem_nonip_lwm2m,feasible,expected_device_energy_per_application_report_j,True,INCOMPATIBLE,BLOCKED,INCOMPATIBLE,False,False,,,,,vomhoff_ip_context_not_transferable_to_ciot_nonip,INCOMPATIBLE,MAJORITY_SUBSTITUTION,vomhoff_nbiot_ltem_energy_2023:C1_BRIDGEABLE->C0_DIRECT,INCOMPATIBLE,False,generic_relation_relabeling_does_not_override_candidate_specific_transfer_or_boundary_blocker
smart_meter_public_cellular,ltem_nonip_lwm2m,feasible,lifecycle_cost_eur,True,MISSING,BLOCKED,COST_TARGET_NOT_IDENTIFIED,False,False,,,,,operator_nonip_service_price_not_evidenced|exact_nonip_reference_hardware_applicability_not_evidenced,MISSING_OR_UNIDENTIFIED,MAJORITY_SUBSTITUTION,,MISSING_OR_UNIDENTIFIED,False,no_audited_source_target_relabeling_for_candidate_target
urban_nonip_dual_access,nbiot_nonip_lwm2m,feasible,expected_device_energy_per_application_report_j,True,INCOMPATIBLE,BLOCKED,INCOMPATIBLE,False,False,,,,,vomhoff_ip_context_not_transferable_to_ciot_nonip,INCOMPATIBLE,MAJORITY_SUBSTITUTION,vomhoff_nbiot_ltem_energy_2023:C1_BRIDGEABLE->C0_DIRECT,INCOMPATIBLE,False,generic_relation_relabeling_does_not_override_candidate_specific_transfer_or_boundary_blocker
urban_nonip_dual_access,nbiot_nonip_lwm2m,feasible,lifecycle_cost_eur,True,MISSING,BLOCKED,COST_TARGET_NOT_IDENTIFIED,False,False,,,,,operator_nonip_service_price_not_evidenced|exact_nonip_reference_hardware_applicability_not_evidenced,MISSING_OR_UNIDENTIFIED,MAJORITY_SUBSTITUTION,,MISSING_OR_UNIDENTIFIED,False,no_audited_source_target_relabeling_for_candidate_target
urban_nonip_dual_access,ltem_nonip_lwm2m,feasible,expected_device_energy_per_application_report_j,True,INCOMPATIBLE,BLOCKED,INCOMPATIBLE,False,False,,,,,vomhoff_ip_context_not_transferable_to_ciot_nonip,INCOMPATIBLE,MAJORITY_SUBSTITUTION,vomhoff_nbiot_ltem_energy_2023:C1_BRIDGEABLE->C0_DIRECT,INCOMPATIBLE,False,generic_relation_relabeling_does_not_override_candidate_specific_transfer_or_boundary_blocker
urban_nonip_dual_access,ltem_nonip_lwm2m,feasible,lifecycle_cost_eur,True,MISSING,BLOCKED,COST_TARGET_NOT_IDENTIFIED,False,False,,,,,operator_nonip_service_price_not_evidenced|exact_nonip_reference_hardware_applicability_not_evidenced,MISSING_OR_UNIDENTIFIED,MAJORITY_SUBSTITUTION,,MISSING_OR_UNIDENTIFIED,False,no_audited_source_target_relabeling_for_candidate_target
urban_nonip_dual_access,lorawan_lora_lwm2m_nonip,feasible,expected_device_energy_per_application_report_j,True,MISSING,BLOCKED,MISSING,False,False,,,,,loed_is_reception_side_only|no_classical_lora_device_energy_in_core_four,MISSING_OR_UNIDENTIFIED,MAJORITY_SUBSTITUTION,,MISSING_OR_UNIDENTIFIED,False,no_audited_source_target_relabeling_for_candidate_target
urban_nonip_dual_access,lorawan_lora_lwm2m_nonip,feasible,lifecycle_cost_eur,True,MISSING,BLOCKED,COST_TARGET_NOT_IDENTIFIED,False,False,,,,,ownership_mode_not_frozen|not_in_stage5i_cellular_price_tranche,MISSING_OR_UNIDENTIFIED,MAJORITY_SUBSTITUTION,,MISSING_OR_UNIDENTIFIED,False,no_audited_source_target_relabeling_for_candidate_target
urban_nonip_dual_access,lorawan_lrfhss_lwm2m_nonip,feasible,expected_device_energy_per_application_report_j,True,PROFILE_UNRESOLVED,BLOCKED,PROFILE_UNRESOLVED,False,False,,,,,radio_only_boundary|generic_deployment_variant_unidentified|whole_device_residual_energy_unidentified,PROFILE_UNRESOLVED,MAJORITY_SUBSTITUTION,,PROFILE_UNRESOLVED,False,no_audited_source_target_relabeling_for_candidate_target
urban_nonip_dual_access,lorawan_lrfhss_lwm2m_nonip,feasible,lifecycle_cost_eur,True,MISSING,BLOCKED,COST_TARGET_NOT_IDENTIFIED,False,False,,,,,ownership_mode_not_frozen|not_in_stage5i_cellular_price_tranche,MISSING_OR_UNIDENTIFIED,MAJORITY_SUBSTITUTION,,MISSING_OR_UNIDENTIFIED,False,no_audited_source_target_relabeling_for_candidate_target
asset_tracking_periodic_cross_cell,nbiot_ip_coap_dtls_lwm2m,feasible,expected_device_energy_per_application_report_j,True,PROFILE_UNRESOLVED,BLOCKED,STRUCTURAL_TRANSFER_SUPPORT_ONLY,False,False,,,,,external_state_model_not_absolute_vomhoff_calibration|modem_only_vs_vomhoff_whole_device_boundary|device_specific_state_power_characterisation_required|candidate_upper_layer_context_not_exactly_supported,STRUCTURAL_TRANSFER_ONLY,MAJORITY_SUBSTITUTION,vomhoff_nbiot_ltem_energy_2023:C1_BRIDGEABLE->C0_DIRECT,STRUCTURAL_TRANSFER_ONLY,False,generic_relation_relabeling_does_not_override_candidate_specific_transfer_or_boundary_blocker
asset_tracking_periodic_cross_cell,nbiot_ip_coap_dtls_lwm2m,feasible,lifecycle_cost_eur,True,MISSING,CONTEXT_ONLY,DATED_COST_FLOOR_PLUS_RAW_TARIFF_ROBUSTNESS_CONTEXT,False,False,PROTOCOL_ENVELOPE_SENSITIVE,373.4316,1974.9798,False,tariff_volume_fit_not_identified|reference_retail_price_not_market_distribution,READY_ROBUSTNESS_FAMILY,MAJORITY_SUBSTITUTION,,READY_ROBUSTNESS_FAMILY,False,no_audited_source_target_relabeling_for_candidate_target
asset_tracking_periodic_cross_cell,ltem_ip_coap_dtls_lwm2m,feasible,expected_device_energy_per_application_report_j,True,PROFILE_UNRESOLVED,BLOCKED,STRUCTURAL_TRANSFER_SUPPORT_ONLY,False,False,,,,,external_state_model_not_absolute_vomhoff_calibration|modem_only_vs_vomhoff_whole_device_boundary|device_specific_state_power_characterisation_required|candidate_upper_layer_context_not_exactly_supported,STRUCTURAL_TRANSFER_ONLY,MAJORITY_SUBSTITUTION,vomhoff_nbiot_ltem_energy_2023:C1_BRIDGEABLE->C0_DIRECT,STRUCTURAL_TRANSFER_ONLY,False,generic_relation_relabeling_does_not_override_candidate_specific_transfer_or_boundary_blocker
asset_tracking_periodic_cross_cell,ltem_ip_coap_dtls_lwm2m,feasible,lifecycle_cost_eur,True,MISSING,CONTEXT_ONLY,DATED_COST_FLOOR_PLUS_RAW_TARIFF_ROBUSTNESS_CONTEXT,False,False,PROTOCOL_ENVELOPE_SENSITIVE,373.4316,1974.9798,False,tariff_volume_fit_not_identified|reference_retail_price_not_market_distribution,READY_ROBUSTNESS_FAMILY,MAJORITY_SUBSTITUTION,,READY_ROBUSTNESS_FAMILY,False,no_audited_source_target_relabeling_for_candidate_target
asset_tracking_periodic_cross_cell,nbiot_ip_mqtt_tls_lwm2m,feasible,expected_device_energy_per_application_report_j,True,PROFILE_UNRESOLVED,BLOCKED,STRUCTURAL_TRANSFER_SUPPORT_ONLY,False,False,,,,,external_state_model_not_absolute_vomhoff_calibration|modem_only_vs_vomhoff_whole_device_boundary|device_specific_state_power_characterisation_required|candidate_upper_layer_context_not_exactly_supported,STRUCTURAL_TRANSFER_ONLY,MAJORITY_SUBSTITUTION,vomhoff_nbiot_ltem_energy_2023:C1_BRIDGEABLE->C0_DIRECT,STRUCTURAL_TRANSFER_ONLY,False,generic_relation_relabeling_does_not_override_candidate_specific_transfer_or_boundary_blocker
asset_tracking_periodic_cross_cell,nbiot_ip_mqtt_tls_lwm2m,feasible,lifecycle_cost_eur,True,MISSING,CONTEXT_ONLY,DATED_COST_FLOOR_PLUS_RAW_TARIFF_ROBUSTNESS_CONTEXT,False,False,ROBUST_EXCEED_NOMINAL_RAW_ALLOWANCE,738.9738,4436.4726,False,tariff_volume_fit_not_identified|reference_retail_price_not_market_distribution,READY_ROBUSTNESS_FAMILY,MAJORITY_SUBSTITUTION,,READY_ROBUSTNESS_FAMILY,False,no_audited_source_target_relabeling_for_candidate_target
asset_tracking_periodic_cross_cell,ltem_ip_mqtt_tls_lwm2m,feasible,expected_device_energy_per_application_report_j,True,PROFILE_UNRESOLVED,BLOCKED,STRUCTURAL_TRANSFER_SUPPORT_ONLY,False,False,,,,,external_state_model_not_absolute_vomhoff_calibration|modem_only_vs_vomhoff_whole_device_boundary|device_specific_state_power_characterisation_required|candidate_upper_layer_context_not_exactly_supported,STRUCTURAL_TRANSFER_ONLY,MAJORITY_SUBSTITUTION,vomhoff_nbiot_ltem_energy_2023:C1_BRIDGEABLE->C0_DIRECT,STRUCTURAL_TRANSFER_ONLY,False,generic_relation_relabeling_does_not_override_candidate_specific_transfer_or_boundary_blocker
asset_tracking_periodic_cross_cell,ltem_ip_mqtt_tls_lwm2m,feasible,lifecycle_cost_eur,True,MISSING,CONTEXT_ONLY,DATED_COST_FLOOR_PLUS_RAW_TARIFF_ROBUSTNESS_CONTEXT,False,False,ROBUST_EXCEED_NOMINAL_RAW_ALLOWANCE,738.9738,4436.4726,False,tariff_volume_fit_not_identified|reference_retail_price_not_market_distribution,READY_ROBUSTNESS_FAMILY,MAJORITY_SUBSTITUTION,,READY_ROBUSTNESS_FAMILY,False,no_audited_source_target_relabeling_for_candidate_target
asset_tracking_periodic_cross_cell,nbiot_nonip_lwm2m,feasible,expected_device_energy_per_application_report_j,True,INCOMPATIBLE,BLOCKED,INCOMPATIBLE,False,False,,,,,vomhoff_ip_context_not_transferable_to_ciot_nonip,INCOMPATIBLE,MAJORITY_SUBSTITUTION,vomhoff_nbiot_ltem_energy_2023:C1_BRIDGEABLE->C0_DIRECT,INCOMPATIBLE,False,generic_relation_relabeling_does_not_override_candidate_specific_transfer_or_boundary_blocker
asset_tracking_periodic_cross_cell,nbiot_nonip_lwm2m,feasible,lifecycle_cost_eur,True,MISSING,BLOCKED,COST_TARGET_NOT_IDENTIFIED,False,False,,,,,operator_nonip_service_price_not_evidenced|exact_nonip_reference_hardware_applicability_not_evidenced,MISSING_OR_UNIDENTIFIED,MAJORITY_SUBSTITUTION,,MISSING_OR_UNIDENTIFIED,False,no_audited_source_target_relabeling_for_candidate_target
asset_tracking_periodic_cross_cell,ltem_nonip_lwm2m,feasible,expected_device_energy_per_application_report_j,True,INCOMPATIBLE,BLOCKED,INCOMPATIBLE,False,False,,,,,vomhoff_ip_context_not_transferable_to_ciot_nonip,INCOMPATIBLE,MAJORITY_SUBSTITUTION,vomhoff_nbiot_ltem_energy_2023:C1_BRIDGEABLE->C0_DIRECT,INCOMPATIBLE,False,generic_relation_relabeling_does_not_override_candidate_specific_transfer_or_boundary_blocker
asset_tracking_periodic_cross_cell,ltem_nonip_lwm2m,feasible,lifecycle_cost_eur,True,MISSING,BLOCKED,COST_TARGET_NOT_IDENTIFIED,False,False,,,,,operator_nonip_service_price_not_evidenced|exact_nonip_reference_hardware_applicability_not_evidenced,MISSING_OR_UNIDENTIFIED,MAJORITY_SUBSTITUTION,,MISSING_OR_UNIDENTIFIED,False,no_audited_source_target_relabeling_for_candidate_target
asset_tracking_connected_handover,ltem_ip_coap_dtls_lwm2m,feasible,expected_device_energy_per_application_report_j,True,PROFILE_UNRESOLVED,BLOCKED,STRUCTURAL_TRANSFER_SUPPORT_ONLY,False,False,,,,,external_state_model_not_absolute_vomhoff_calibration|modem_only_vs_vomhoff_whole_device_boundary|device_specific_state_power_characterisation_required|candidate_upper_layer_context_not_exactly_supported,STRUCTURAL_TRANSFER_ONLY,MAJORITY_SUBSTITUTION,vomhoff_nbiot_ltem_energy_2023:C1_BRIDGEABLE->C0_DIRECT,STRUCTURAL_TRANSFER_ONLY,False,generic_relation_relabeling_does_not_override_candidate_specific_transfer_or_boundary_blocker
asset_tracking_connected_handover,ltem_ip_coap_dtls_lwm2m,feasible,lifecycle_cost_eur,True,MISSING,CONTEXT_ONLY,DATED_COST_FLOOR_PLUS_RAW_TARIFF_ROBUSTNESS_CONTEXT,False,False,PROTOCOL_ENVELOPE_SENSITIVE,373.4316,1974.9798,False,tariff_volume_fit_not_identified|reference_retail_price_not_market_distribution,CONTEXT_ONLY,MAJORITY_SUBSTITUTION,,CONTEXT_ONLY,False,no_audited_source_target_relabeling_for_candidate_target
asset_tracking_connected_handover,ltem_ip_mqtt_tls_lwm2m,feasible,expected_device_energy_per_application_report_j,True,PROFILE_UNRESOLVED,BLOCKED,STRUCTURAL_TRANSFER_SUPPORT_ONLY,False,False,,,,,external_state_model_not_absolute_vomhoff_calibration|modem_only_vs_vomhoff_whole_device_boundary|device_specific_state_power_characterisation_required|candidate_upper_layer_context_not_exactly_supported,STRUCTURAL_TRANSFER_ONLY,MAJORITY_SUBSTITUTION,vomhoff_nbiot_ltem_energy_2023:C1_BRIDGEABLE->C0_DIRECT,STRUCTURAL_TRANSFER_ONLY,False,generic_relation_relabeling_does_not_override_candidate_specific_transfer_or_boundary_blocker
asset_tracking_connected_handover,ltem_ip_mqtt_tls_lwm2m,feasible,lifecycle_cost_eur,True,MISSING,CONTEXT_ONLY,DATED_COST_FLOOR_PLUS_RAW_TARIFF_ROBUSTNESS_CONTEXT,False,False,ROBUST_EXCEED_NOMINAL_RAW_ALLOWANCE,738.9738,4436.4726,False,tariff_volume_fit_not_identified|reference_retail_price_not_market_distribution,CONTEXT_ONLY,MAJORITY_SUBSTITUTION,,CONTEXT_ONLY,False,no_audited_source_target_relabeling_for_candidate_target
asset_tracking_connected_handover,ltem_nonip_lwm2m,feasible,expected_device_energy_per_application_report_j,True,INCOMPATIBLE,BLOCKED,INCOMPATIBLE,False,False,,,,,vomhoff_ip_context_not_transferable_to_ciot_nonip,INCOMPATIBLE,MAJORITY_SUBSTITUTION,vomhoff_nbiot_ltem_energy_2023:C1_BRIDGEABLE->C0_DIRECT,INCOMPATIBLE,False,generic_relation_relabeling_does_not_override_candidate_specific_transfer_or_boundary_blocker
asset_tracking_connected_handover,ltem_nonip_lwm2m,feasible,lifecycle_cost_eur,True,MISSING,BLOCKED,COST_TARGET_NOT_IDENTIFIED,False,False,,,,,operator_nonip_service_price_not_evidenced|exact_nonip_reference_hardware_applicability_not_evidenced,MISSING_OR_UNIDENTIFIED,MAJORITY_SUBSTITUTION,,MISSING_OR_UNIDENTIFIED,False,no_audited_source_target_relabeling_for_candidate_target
environmental_private_lorawan,lorawan_lora_lwm2m_nonip,feasible,expected_device_energy_per_application_report_j,True,MISSING,BLOCKED,MISSING,False,False,,,,,loed_is_reception_side_only|no_classical_lora_device_energy_in_core_four,MISSING_OR_UNIDENTIFIED,CONSERVATIVE_MAJORITY,,MISSING_OR_UNIDENTIFIED,False,no_audited_source_target_relabeling_for_candidate_target
environmental_private_lorawan,lorawan_lora_lwm2m_nonip,feasible,lifecycle_cost_eur,True,MISSING,BLOCKED,COST_TARGET_NOT_IDENTIFIED,False,False,,,,,required_price_evidence_missing|shared_infrastructure_allocation_scale_missing|not_in_stage5i_cellular_price_tranche,MISSING_OR_UNIDENTIFIED,CONSERVATIVE_MAJORITY,,MISSING_OR_UNIDENTIFIED,False,no_audited_source_target_relabeling_for_candidate_target
environmental_private_lorawan,lorawan_lrfhss_lwm2m_nonip,feasible,expected_device_energy_per_application_report_j,True,PROFILE_UNRESOLVED,BLOCKED,PROFILE_UNRESOLVED,False,False,,,,,radio_only_boundary|generic_deployment_variant_unidentified|whole_device_residual_energy_unidentified,PROFILE_UNRESOLVED,CONSERVATIVE_MAJORITY,,PROFILE_UNRESOLVED,False,no_audited_source_target_relabeling_for_candidate_target
environmental_private_lorawan,lorawan_lrfhss_lwm2m_nonip,feasible,lifecycle_cost_eur,True,MISSING,BLOCKED,COST_TARGET_NOT_IDENTIFIED,False,False,,,,,required_price_evidence_missing|shared_infrastructure_allocation_scale_missing|not_in_stage5i_cellular_price_tranche,MISSING_OR_UNIDENTIFIED,CONSERVATIVE_MAJORITY,,MISSING_OR_UNIDENTIFIED,False,no_audited_source_target_relabeling_for_candidate_target
smart_meter_public_cellular,nbiot_ip_coap_dtls_lwm2m,feasible,expected_device_energy_per_application_report_j,True,PROFILE_UNRESOLVED,BLOCKED,STRUCTURAL_TRANSFER_SUPPORT_ONLY,False,False,,,,,external_state_model_not_absolute_vomhoff_calibration|modem_only_vs_vomhoff_whole_device_boundary|device_specific_state_power_characterisation_required|candidate_upper_layer_context_not_exactly_supported,STRUCTURAL_TRANSFER_ONLY,CONSERVATIVE_MAJORITY,,STRUCTURAL_TRANSFER_ONLY,False,no_audited_source_target_relabeling_for_candidate_target
smart_meter_public_cellular,nbiot_ip_coap_dtls_lwm2m,feasible,lifecycle_cost_eur,True,MISSING,CONTEXT_ONLY,DATED_COST_FLOOR_PLUS_RAW_TARIFF_ROBUSTNESS_CONTEXT,False,False,ROBUST_WITHIN_NOMINAL_RAW_ALLOWANCE,48.73896,156.0348,False,tariff_volume_fit_not_identified|reference_retail_price_not_market_distribution,CONTEXT_ONLY,CONSERVATIVE_MAJORITY,,CONTEXT_ONLY,False,no_audited_source_target_relabeling_for_candidate_target
smart_meter_public_cellular,ltem_ip_coap_dtls_lwm2m,feasible,expected_device_energy_per_application_report_j,True,PROFILE_UNRESOLVED,BLOCKED,STRUCTURAL_TRANSFER_SUPPORT_ONLY,False,False,,,,,external_state_model_not_absolute_vomhoff_calibration|modem_only_vs_vomhoff_whole_device_boundary|device_specific_state_power_characterisation_required|candidate_upper_layer_context_not_exactly_supported,STRUCTURAL_TRANSFER_ONLY,CONSERVATIVE_MAJORITY,,STRUCTURAL_TRANSFER_ONLY,False,no_audited_source_target_relabeling_for_candidate_target
smart_meter_public_cellular,ltem_ip_coap_dtls_lwm2m,feasible,lifecycle_cost_eur,True,MISSING,CONTEXT_ONLY,DATED_COST_FLOOR_PLUS_RAW_TARIFF_ROBUSTNESS_CONTEXT,False,False,ROBUST_WITHIN_NOMINAL_RAW_ALLOWANCE,48.73896,156.0348,False,tariff_volume_fit_not_identified|reference_retail_price_not_market_distribution,CONTEXT_ONLY,CONSERVATIVE_MAJORITY,,CONTEXT_ONLY,False,no_audited_source_target_relabeling_for_candidate_target
smart_meter_public_cellular,nbiot_ip_mqtt_tls_lwm2m,feasible,expected_device_energy_per_application_report_j,True,PROFILE_UNRESOLVED,BLOCKED,STRUCTURAL_TRANSFER_SUPPORT_ONLY,False,False,,,,,external_state_model_not_absolute_vomhoff_calibration|modem_only_vs_vomhoff_whole_device_boundary|device_specific_state_power_characterisation_required|candidate_upper_layer_context_not_exactly_supported,STRUCTURAL_TRANSFER_ONLY,CONSERVATIVE_MAJORITY,,STRUCTURAL_TRANSFER_ONLY,False,no_audited_source_target_relabeling_for_candidate_target
smart_meter_public_cellular,nbiot_ip_mqtt_tls_lwm2m,feasible,lifecycle_cost_eur,True,MISSING,CONTEXT_ONLY,DATED_COST_FLOOR_PLUS_RAW_TARIFF_ROBUSTNESS_CONTEXT,False,False,ROBUST_WITHIN_NOMINAL_RAW_ALLOWANCE,73.10844,320.13432,False,tariff_volume_fit_not_identified|reference_retail_price_not_market_distribution,CONTEXT_ONLY,CONSERVATIVE_MAJORITY,,CONTEXT_ONLY,False,no_audited_source_target_relabeling_for_candidate_target
smart_meter_public_cellular,ltem_ip_mqtt_tls_lwm2m,feasible,expected_device_energy_per_application_report_j,True,PROFILE_UNRESOLVED,BLOCKED,STRUCTURAL_TRANSFER_SUPPORT_ONLY,False,False,,,,,external_state_model_not_absolute_vomhoff_calibration|modem_only_vs_vomhoff_whole_device_boundary|device_specific_state_power_characterisation_required|candidate_upper_layer_context_not_exactly_supported,STRUCTURAL_TRANSFER_ONLY,CONSERVATIVE_MAJORITY,,STRUCTURAL_TRANSFER_ONLY,False,no_audited_source_target_relabeling_for_candidate_target
smart_meter_public_cellular,ltem_ip_mqtt_tls_lwm2m,feasible,lifecycle_cost_eur,True,MISSING,CONTEXT_ONLY,DATED_COST_FLOOR_PLUS_RAW_TARIFF_ROBUSTNESS_CONTEXT,False,False,ROBUST_WITHIN_NOMINAL_RAW_ALLOWANCE,73.10844,320.13432,False,tariff_volume_fit_not_identified|reference_retail_price_not_market_distribution,CONTEXT_ONLY,CONSERVATIVE_MAJORITY,,CONTEXT_ONLY,False,no_audited_source_target_relabeling_for_candidate_target
smart_meter_public_cellular,nbiot_nonip_lwm2m,feasible,expected_device_energy_per_application_report_j,True,INCOMPATIBLE,BLOCKED,INCOMPATIBLE,False,False,,,,,vomhoff_ip_context_not_transferable_to_ciot_nonip,INCOMPATIBLE,CONSERVATIVE_MAJORITY,,INCOMPATIBLE,False,no_audited_source_target_relabeling_for_candidate_target
smart_meter_public_cellular,nbiot_nonip_lwm2m,feasible,lifecycle_cost_eur,True,MISSING,BLOCKED,COST_TARGET_NOT_IDENTIFIED,False,False,,,,,operator_nonip_service_price_not_evidenced|exact_nonip_reference_hardware_applicability_not_evidenced,MISSING_OR_UNIDENTIFIED,CONSERVATIVE_MAJORITY,,MISSING_OR_UNIDENTIFIED,False,no_audited_source_target_relabeling_for_candidate_target
smart_meter_public_cellular,ltem_nonip_lwm2m,feasible,expected_device_energy_per_application_report_j,True,INCOMPATIBLE,BLOCKED,INCOMPATIBLE,False,False,,,,,vomhoff_ip_context_not_transferable_to_ciot_nonip,INCOMPATIBLE,CONSERVATIVE_MAJORITY,,INCOMPATIBLE,False,no_audited_source_target_relabeling_for_candidate_target
smart_meter_public_cellular,ltem_nonip_lwm2m,feasible,lifecycle_cost_eur,True,MISSING,BLOCKED,COST_TARGET_NOT_IDENTIFIED,False,False,,,,,operator_nonip_service_price_not_evidenced|exact_nonip_reference_hardware_applicability_not_evidenced,MISSING_OR_UNIDENTIFIED,CONSERVATIVE_MAJORITY,,MISSING_OR_UNIDENTIFIED,False,no_audited_source_target_relabeling_for_candidate_target
urban_nonip_dual_access,nbiot_nonip_lwm2m,feasible,expected_device_energy_per_application_report_j,True,INCOMPATIBLE,BLOCKED,INCOMPATIBLE,False,False,,,,,vomhoff_ip_context_not_transferable_to_ciot_nonip,INCOMPATIBLE,CONSERVATIVE_MAJORITY,,INCOMPATIBLE,False,no_audited_source_target_relabeling_for_candidate_target
urban_nonip_dual_access,nbiot_nonip_lwm2m,feasible,lifecycle_cost_eur,True,MISSING,BLOCKED,COST_TARGET_NOT_IDENTIFIED,False,False,,,,,operator_nonip_service_price_not_evidenced|exact_nonip_reference_hardware_applicability_not_evidenced,MISSING_OR_UNIDENTIFIED,CONSERVATIVE_MAJORITY,,MISSING_OR_UNIDENTIFIED,False,no_audited_source_target_relabeling_for_candidate_target
urban_nonip_dual_access,ltem_nonip_lwm2m,feasible,expected_device_energy_per_application_report_j,True,INCOMPATIBLE,BLOCKED,INCOMPATIBLE,False,False,,,,,vomhoff_ip_context_not_transferable_to_ciot_nonip,INCOMPATIBLE,CONSERVATIVE_MAJORITY,,INCOMPATIBLE,False,no_audited_source_target_relabeling_for_candidate_target
urban_nonip_dual_access,ltem_nonip_lwm2m,feasible,lifecycle_cost_eur,True,MISSING,BLOCKED,COST_TARGET_NOT_IDENTIFIED,False,False,,,,,operator_nonip_service_price_not_evidenced|exact_nonip_reference_hardware_applicability_not_evidenced,MISSING_OR_UNIDENTIFIED,CONSERVATIVE_MAJORITY,,MISSING_OR_UNIDENTIFIED,False,no_audited_source_target_relabeling_for_candidate_target
urban_nonip_dual_access,lorawan_lora_lwm2m_nonip,feasible,expected_device_energy_per_application_report_j,True,MISSING,BLOCKED,MISSING,False,False,,,,,loed_is_reception_side_only|no_classical_lora_device_energy_in_core_four,MISSING_OR_UNIDENTIFIED,CONSERVATIVE_MAJORITY,,MISSING_OR_UNIDENTIFIED,False,no_audited_source_target_relabeling_for_candidate_target
urban_nonip_dual_access,lorawan_lora_lwm2m_nonip,feasible,lifecycle_cost_eur,True,MISSING,BLOCKED,COST_TARGET_NOT_IDENTIFIED,False,False,,,,,ownership_mode_not_frozen|not_in_stage5i_cellular_price_tranche,MISSING_OR_UNIDENTIFIED,CONSERVATIVE_MAJORITY,,MISSING_OR_UNIDENTIFIED,False,no_audited_source_target_relabeling_for_candidate_target
urban_nonip_dual_access,lorawan_lrfhss_lwm2m_nonip,feasible,expected_device_energy_per_application_report_j,True,PROFILE_UNRESOLVED,BLOCKED,PROFILE_UNRESOLVED,False,False,,,,,radio_only_boundary|generic_deployment_variant_unidentified|whole_device_residual_energy_unidentified,PROFILE_UNRESOLVED,CONSERVATIVE_MAJORITY,,PROFILE_UNRESOLVED,False,no_audited_source_target_relabeling_for_candidate_target
urban_nonip_dual_access,lorawan_lrfhss_lwm2m_nonip,feasible,lifecycle_cost_eur,True,MISSING,BLOCKED,COST_TARGET_NOT_IDENTIFIED,False,False,,,,,ownership_mode_not_frozen|not_in_stage5i_cellular_price_tranche,MISSING_OR_UNIDENTIFIED,CONSERVATIVE_MAJORITY,,MISSING_OR_UNIDENTIFIED,False,no_audited_source_target_relabeling_for_candidate_target
asset_tracking_periodic_cross_cell,nbiot_ip_coap_dtls_lwm2m,feasible,expected_device_energy_per_application_report_j,True,PROFILE_UNRESOLVED,BLOCKED,STRUCTURAL_TRANSFER_SUPPORT_ONLY,False,False,,,,,external_state_model_not_absolute_vomhoff_calibration|modem_only_vs_vomhoff_whole_device_boundary|device_specific_state_power_characterisation_required|candidate_upper_layer_context_not_exactly_supported,STRUCTURAL_TRANSFER_ONLY,CONSERVATIVE_MAJORITY,,STRUCTURAL_TRANSFER_ONLY,False,no_audited_source_target_relabeling_for_candidate_target
asset_tracking_periodic_cross_cell,nbiot_ip_coap_dtls_lwm2m,feasible,lifecycle_cost_eur,True,MISSING,CONTEXT_ONLY,DATED_COST_FLOOR_PLUS_RAW_TARIFF_ROBUSTNESS_CONTEXT,False,False,PROTOCOL_ENVELOPE_SENSITIVE,373.4316,1974.9798,False,tariff_volume_fit_not_identified|reference_retail_price_not_market_distribution,READY_ROBUSTNESS_FAMILY,CONSERVATIVE_MAJORITY,,READY_ROBUSTNESS_FAMILY,False,no_audited_source_target_relabeling_for_candidate_target
asset_tracking_periodic_cross_cell,ltem_ip_coap_dtls_lwm2m,feasible,expected_device_energy_per_application_report_j,True,PROFILE_UNRESOLVED,BLOCKED,STRUCTURAL_TRANSFER_SUPPORT_ONLY,False,False,,,,,external_state_model_not_absolute_vomhoff_calibration|modem_only_vs_vomhoff_whole_device_boundary|device_specific_state_power_characterisation_required|candidate_upper_layer_context_not_exactly_supported,STRUCTURAL_TRANSFER_ONLY,CONSERVATIVE_MAJORITY,,STRUCTURAL_TRANSFER_ONLY,False,no_audited_source_target_relabeling_for_candidate_target
asset_tracking_periodic_cross_cell,ltem_ip_coap_dtls_lwm2m,feasible,lifecycle_cost_eur,True,MISSING,CONTEXT_ONLY,DATED_COST_FLOOR_PLUS_RAW_TARIFF_ROBUSTNESS_CONTEXT,False,False,PROTOCOL_ENVELOPE_SENSITIVE,373.4316,1974.9798,False,tariff_volume_fit_not_identified|reference_retail_price_not_market_distribution,READY_ROBUSTNESS_FAMILY,CONSERVATIVE_MAJORITY,,READY_ROBUSTNESS_FAMILY,False,no_audited_source_target_relabeling_for_candidate_target
asset_tracking_periodic_cross_cell,nbiot_ip_mqtt_tls_lwm2m,feasible,expected_device_energy_per_application_report_j,True,PROFILE_UNRESOLVED,BLOCKED,STRUCTURAL_TRANSFER_SUPPORT_ONLY,False,False,,,,,external_state_model_not_absolute_vomhoff_calibration|modem_only_vs_vomhoff_whole_device_boundary|device_specific_state_power_characterisation_required|candidate_upper_layer_context_not_exactly_supported,STRUCTURAL_TRANSFER_ONLY,CONSERVATIVE_MAJORITY,,STRUCTURAL_TRANSFER_ONLY,False,no_audited_source_target_relabeling_for_candidate_target
asset_tracking_periodic_cross_cell,nbiot_ip_mqtt_tls_lwm2m,feasible,lifecycle_cost_eur,True,MISSING,CONTEXT_ONLY,DATED_COST_FLOOR_PLUS_RAW_TARIFF_ROBUSTNESS_CONTEXT,False,False,ROBUST_EXCEED_NOMINAL_RAW_ALLOWANCE,738.9738,4436.4726,False,tariff_volume_fit_not_identified|reference_retail_price_not_market_distribution,READY_ROBUSTNESS_FAMILY,CONSERVATIVE_MAJORITY,,READY_ROBUSTNESS_FAMILY,False,no_audited_source_target_relabeling_for_candidate_target
asset_tracking_periodic_cross_cell,ltem_ip_mqtt_tls_lwm2m,feasible,expected_device_energy_per_application_report_j,True,PROFILE_UNRESOLVED,BLOCKED,STRUCTURAL_TRANSFER_SUPPORT_ONLY,False,False,,,,,external_state_model_not_absolute_vomhoff_calibration|modem_only_vs_vomhoff_whole_device_boundary|device_specific_state_power_characterisation_required|candidate_upper_layer_context_not_exactly_supported,STRUCTURAL_TRANSFER_ONLY,CONSERVATIVE_MAJORITY,,STRUCTURAL_TRANSFER_ONLY,False,no_audited_source_target_relabeling_for_candidate_target
asset_tracking_periodic_cross_cell,ltem_ip_mqtt_tls_lwm2m,feasible,lifecycle_cost_eur,True,MISSING,CONTEXT_ONLY,DATED_COST_FLOOR_PLUS_RAW_TARIFF_ROBUSTNESS_CONTEXT,False,False,ROBUST_EXCEED_NOMINAL_RAW_ALLOWANCE,738.9738,4436.4726,False,tariff_volume_fit_not_identified|reference_retail_price_not_market_distribution,READY_ROBUSTNESS_FAMILY,CONSERVATIVE_MAJORITY,,READY_ROBUSTNESS_FAMILY,False,no_audited_source_target_relabeling_for_candidate_target
asset_tracking_periodic_cross_cell,nbiot_nonip_lwm2m,feasible,expected_device_energy_per_application_report_j,True,INCOMPATIBLE,BLOCKED,INCOMPATIBLE,False,False,,,,,vomhoff_ip_context_not_transferable_to_ciot_nonip,INCOMPATIBLE,CONSERVATIVE_MAJORITY,,INCOMPATIBLE,False,no_audited_source_target_relabeling_for_candidate_target
asset_tracking_periodic_cross_cell,nbiot_nonip_lwm2m,feasible,lifecycle_cost_eur,True,MISSING,BLOCKED,COST_TARGET_NOT_IDENTIFIED,False,False,,,,,operator_nonip_service_price_not_evidenced|exact_nonip_reference_hardware_applicability_not_evidenced,MISSING_OR_UNIDENTIFIED,CONSERVATIVE_MAJORITY,,MISSING_OR_UNIDENTIFIED,False,no_audited_source_target_relabeling_for_candidate_target
asset_tracking_periodic_cross_cell,ltem_nonip_lwm2m,feasible,expected_device_energy_per_application_report_j,True,INCOMPATIBLE,BLOCKED,INCOMPATIBLE,False,False,,,,,vomhoff_ip_context_not_transferable_to_ciot_nonip,INCOMPATIBLE,CONSERVATIVE_MAJORITY,,INCOMPATIBLE,False,no_audited_source_target_relabeling_for_candidate_target
asset_tracking_periodic_cross_cell,ltem_nonip_lwm2m,feasible,lifecycle_cost_eur,True,MISSING,BLOCKED,COST_TARGET_NOT_IDENTIFIED,False,False,,,,,operator_nonip_service_price_not_evidenced|exact_nonip_reference_hardware_applicability_not_evidenced,MISSING_OR_UNIDENTIFIED,CONSERVATIVE_MAJORITY,,MISSING_OR_UNIDENTIFIED,False,no_audited_source_target_relabeling_for_candidate_target
asset_tracking_connected_handover,ltem_ip_coap_dtls_lwm2m,feasible,expected_device_energy_per_application_report_j,True,PROFILE_UNRESOLVED,BLOCKED,STRUCTURAL_TRANSFER_SUPPORT_ONLY,False,False,,,,,external_state_model_not_absolute_vomhoff_calibration|modem_only_vs_vomhoff_whole_device_boundary|device_specific_state_power_characterisation_required|candidate_upper_layer_context_not_exactly_supported,STRUCTURAL_TRANSFER_ONLY,CONSERVATIVE_MAJORITY,,STRUCTURAL_TRANSFER_ONLY,False,no_audited_source_target_relabeling_for_candidate_target
asset_tracking_connected_handover,ltem_ip_coap_dtls_lwm2m,feasible,lifecycle_cost_eur,True,MISSING,CONTEXT_ONLY,DATED_COST_FLOOR_PLUS_RAW_TARIFF_ROBUSTNESS_CONTEXT,False,False,PROTOCOL_ENVELOPE_SENSITIVE,373.4316,1974.9798,False,tariff_volume_fit_not_identified|reference_retail_price_not_market_distribution,CONTEXT_ONLY,CONSERVATIVE_MAJORITY,,CONTEXT_ONLY,False,no_audited_source_target_relabeling_for_candidate_target
asset_tracking_connected_handover,ltem_ip_mqtt_tls_lwm2m,feasible,expected_device_energy_per_application_report_j,True,PROFILE_UNRESOLVED,BLOCKED,STRUCTURAL_TRANSFER_SUPPORT_ONLY,False,False,,,,,external_state_model_not_absolute_vomhoff_calibration|modem_only_vs_vomhoff_whole_device_boundary|device_specific_state_power_characterisation_required|candidate_upper_layer_context_not_exactly_supported,STRUCTURAL_TRANSFER_ONLY,CONSERVATIVE_MAJORITY,,STRUCTURAL_TRANSFER_ONLY,False,no_audited_source_target_relabeling_for_candidate_target
asset_tracking_connected_handover,ltem_ip_mqtt_tls_lwm2m,feasible,lifecycle_cost_eur,True,MISSING,CONTEXT_ONLY,DATED_COST_FLOOR_PLUS_RAW_TARIFF_ROBUSTNESS_CONTEXT,False,False,ROBUST_EXCEED_NOMINAL_RAW_ALLOWANCE,738.9738,4436.4726,False,tariff_volume_fit_not_identified|reference_retail_price_not_market_distribution,CONTEXT_ONLY,CONSERVATIVE_MAJORITY,,CONTEXT_ONLY,False,no_audited_source_target_relabeling_for_candidate_target
asset_tracking_connected_handover,ltem_nonip_lwm2m,feasible,expected_device_energy_per_application_report_j,True,INCOMPATIBLE,BLOCKED,INCOMPATIBLE,False,False,,,,,vomhoff_ip_context_not_transferable_to_ciot_nonip,INCOMPATIBLE,CONSERVATIVE_MAJORITY,,INCOMPATIBLE,False,no_audited_source_target_relabeling_for_candidate_target
asset_tracking_connected_handover,ltem_nonip_lwm2m,feasible,lifecycle_cost_eur,True,MISSING,BLOCKED,COST_TARGET_NOT_IDENTIFIED,False,False,,,,,operator_nonip_service_price_not_evidenced|exact_nonip_reference_hardware_applicability_not_evidenced,MISSING_OR_UNIDENTIFIED,CONSERVATIVE_MAJORITY,,MISSING_OR_UNIDENTIFIED,False,no_audited_source_target_relabeling_for_candidate_target
